,Title,Published_Date,Views,Likes,Comments,Month,Month_Year
0,Nipah virus - Do‚Äôs and DONT‚Äôs,2024-07-28,140217,8057,139,Jul,Jul 2024
1,Aapam - Dr. Pal‚Äôs Favorite Fermented Food For Optimal Gut Health!,2024-07-26,225628,8994,190,Jul,Jul 2024
2,You Won‚Äôt Believe What They‚Äôve Done to Watermelon! ü§Ø,2024-07-25,434673,17309,211,Jul,Jul 2024
3,Mac & Cheese Might Affect Your Kids‚Äô Health‚ÄîWatch This Video for Healthier Tips,2024-07-24,309976,11657,108,Jul,Jul 2024
4,Kamala Harris & Masala Dosa: The Connection Behind Good Gut Health,2024-07-23,528386,13444,763,Jul,Jul 2024
5,‚ùå Childhood Habits That Secretly Lead to Diabetes ‚Äì You Won‚Äôt Believe What Dr. Arun Kumar Reveals!,2024-07-21,496251,15723,173,Jul,Jul 2024
6,The #1 Reason You NEED Fiber-Rich Foods for Perfect Gut Health!,2024-07-20,2605872,51785,496,Jul,Jul 2024
7,You Won't Believe the Surprising Benefits of This Food Item Served at the Ambani Wedding!,2024-07-19,1601962,67859,370,Jul,Jul 2024
8,Dr Pal Talks About The Alarming Reality of Childhood Obesity That Nobody Talks About!,2024-07-18,155255,4508,47,Jul,Jul 2024
9,Learn about good gut bacteria and building a microbiome in Alex Babu‚Äôs Rajni-style singing!,2024-07-17,72845,2609,29,Jul,Jul 2024
10,‚úÖ Day 100 - Celebrating Gutman's 100-Day Challenge Completion with a BANG! (Dance Edition),2024-07-16,389906,30023,1371,Jul,Jul 2024
11,‚úÖ Day 99 - Gutman's 100-Day Challenge - My Before & After Journeyüí™üèª,2024-07-15,500542,26464,542,Jul,Jul 2024
12,Day 98: DEXA Scan Reports Revealed - Gutman's 100-Day Challenge,2024-07-14,333441,21065,576,Jul,Jul 2024
13,Feeling Demotivated? Watch This Video by Dr Pal,2024-07-13,72283,4099,75,Jul,Jul 2024
14,‚úÖ Day 97 - Gutman's 100 Day Challenge | Dr Pal,2024-07-13,98951,5713,88,Jul,Jul 2024
15,Fix Your Circadian Rhythm! ‚úÖ,2024-07-12,171383,3514,111,Jul,Jul 2024
16,‚úÖ Day 96 - Gutman's 100 Day Challenge | Dr Pal,2024-07-12,141947,6968,105,Jul,Jul 2024
17,‚úÖ Day 95 - Gutman's 100 Day Challenge | Dr Pal,2024-07-11,206725,9535,130,Jul,Jul 2024
18,üö® Emergency Midnight Call From Hospital- Must Watch (If You are Overworking),2024-07-10,1289425,49609,491,Jul,Jul 2024
19,‚úÖ Day 94 - Gutman's 100 Day Challenge | Dr Pal,2024-07-10,160338,7348,75,Jul,Jul 2024
20,‚úÖ Day 93 - Gutman's 100 Day Challenge | Dr Pal,2024-07-09,84450,5601,95,Jul,Jul 2024
21,‚úÖ Day 92 - Gutman's 100 Day Challenge | Dr Pal,2024-07-09,120326,6579,97,Jul,Jul 2024
22,‚úÖ Gen Z Dance Group Shares What They Learned from My Videos,2024-07-08,156372,4529,42,Jul,Jul 2024
23,‚úÖ Day 91 - Gutman's 100 Day Challenge | Dr Pal,2024-07-07,154355,7177,85,Jul,Jul 2024
24,Dr. Pal Teaches Young Kids Why Eating Vegetables and Fruits is Good for Their Health!,2024-07-07,258021,10911,153,Jul,Jul 2024
25,‚úÖ Day 90 - Gutman's 100 Day Challenge | Dr Pal,2024-07-06,109792,5896,91,Jul,Jul 2024
26,‚ö†Ô∏è Dr Pal Reacts to Samantha Prabhu's Controversy on Hydrogen Peroxide Nebulisation!,2024-07-06,580947,17044,261,Jul,Jul 2024
27,‚úÖ Day 89 - Gutman's 100 Day Challenge | Dr Pal,2024-07-05,122501,8265,129,Jul,Jul 2024
28,The Shocking Connection Between Insulin Resistance and Chronic Diseases!,2024-07-04,130059,3690,126,Jul,Jul 2024
29,‚úÖ Day 88 - Gutman's 100 Day Challenge | Dr Pal,2024-07-04,96741,5343,76,Jul,Jul 2024
30,‚úÖ Day 87 - Gutman's 100 Day Challenge | Dr Pal,2024-07-03,100626,4840,66,Jul,Jul 2024
31,‚ö†Ô∏èThis is what happens when Dr Pal's Gut Craves Filter Coffee!,2024-07-02,1047528,42908,270,Jul,Jul 2024
32,‚úÖ Day 86 - Gutman's 100 Day Challenge | Dr Pal,2024-07-02,106682,5487,74,Jul,Jul 2024
33,Right Way to Do Fasting for Maximum Benefits | Dr Pal,2024-07-01,121689,3292,420,Jul,Jul 2024
34,‚úÖ Day 85 - Gutman's 100 Day Challenge | Dr Pal,2024-07-01,154806,8267,114,Jul,Jul 2024
35,"If not eaten properly, your food can become poison for you. ‚ò†Ô∏è",2024-07-01,108623,4324,59,Jul,Jul 2024
36,‚úÖ Day 84 - Gutman's 100 Day Challenge | Dr Pal,2024-06-30,135666,5767,84,Jun,Jun 2024
37,‚úÖ Day 83 - Gutman's 100 Day Challenge | Dr Pal,2024-06-29,73345,4203,65,Jun,Jun 2024
38,Boost Your Gut Health with This Delicious & Healthy Millet Dosa!,2024-06-29,302318,8961,118,Jun,Jun 2024
39,‚úÖ Day 82 - Gutman's 100 Day Challenge | Dr Pal,2024-06-28,123547,6332,98,Jun,Jun 2024
40,Attending WeEmbrace cultural event was a moving experience! üòá,2024-06-28,113861,6445,104,Jun,Jun 2024
41,‚úÖ Day 81 - Gutman's 100 Day Challenge | Dr Pal,2024-06-27,129486,5680,97,Jun,Jun 2024
42,This Rs 500 Idli Will Help You In Reversing Your Age!?,2024-06-27,547744,22351,226,Jun,Jun 2024
43,‚úÖ Day 80 - Gutman's 100 Day Challenge | Dr Pal,2024-06-26,130375,5676,89,Jun,Jun 2024
44,Why Generation Z is the Real Gen F! ‚ù§Ô∏è,2024-06-26,128288,5463,65,Jun,Jun 2024
45,"Every time Sarvana Kumar eats, his gut bacteria be like... (Wait till the end!)",2024-06-25,1223677,36004,500,Jun,Jun 2024
46,‚úÖ Day 79 - Gutman's 100 Day Challenge | Dr Pal,2024-06-25,98017,4790,75,Jun,Jun 2024
47,‚úÖ Day 78 - Gutman's 100 Day Challenge | Dr Pal,2024-06-24,72611,4373,86,Jun,Jun 2024
48,Burger Idli? STOP This WEIRD Food Trend ASAP! üò±ü§¢,2024-06-24,941144,26869,403,Jun,Jun 2024
49,‚úÖ Day 77 - Gutman's 100 Day Challenge | Dr Pal,2024-06-23,68511,3697,64,Jun,Jun 2024
50,Why Does Nobody Want to Marry a Doctor? üò±,2024-06-23,150793,5676,197,Jun,Jun 2024
51,‚úÖ Day 76 - Gutman's 100 Day Challenge | Dr Pal,2024-06-22,72046,3463,39,Jun,Jun 2024
52,Stop Late Night Eating NOW! Learn in a Unique Style with Alex Babu Imitating Obama!,2024-06-22,95561,2673,28,Jun,Jun 2024
53,"Dr. Pal's Warning: Headphone Users, Watch This Now!",2024-06-21,405135,12830,152,Jun,Jun 2024
54,Eating at the World-Famous Indian Restaurant MTR in Seattle - Dr Pal's Food Review VLOG,2024-06-21,190680,1608,189,Jun,Jun 2024
55,‚úÖ Day 75 - Gutman's 100 Day Challenge | Dr Pal,2024-06-21,50622,3120,53,Jun,Jun 2024
56,‚úÖ Day 74 - Gutman's 100 Day Challenge | Dr Pal,2024-06-20,141677,7374,116,Jun,Jun 2024
57,"üì£Dallas, Are You Ready? Special Chance to Meet Me on June 22nd! ‚ù§Ô∏è",2024-06-20,89516,3144,37,Jun,Jun 2024
58,‚úÖ Day 73 - Gutman's 100 Day Challenge | Dr Pal,2024-06-19,70623,4118,65,Jun,Jun 2024
59,Dr. Pal Caught Red-Handed by His Medical Students! üòÖ,2024-06-19,212108,8863,124,Jun,Jun 2024
60,‚úÖ Day 72 - Gutman's 100 Day Challenge | Dr Pal,2024-06-18,97150,5212,98,Jun,Jun 2024
61,This is why you suffer from Gas & Bloating Issueüí®,2024-06-18,312216,11133,83,Jun,Jun 2024
62,‚úÖ Day 71 - Gutman's 100 Day Challenge | Dr Pal,2024-06-17,144049,7135,78,Jun,Jun 2024
63,Effects of Low-Carbohydrate Diet on Insulin-Resistance  ft. @doctorarunkumar,2024-06-17,312336,6566,45,Jun,Jun 2024
64,‚úÖ Day 70 - Gutman's 100 Day Challenge | Dr Pal,2024-06-16,91502,4627,62,Jun,Jun 2024
65,A Special Message to All Dads ‚Äì Happy Father's Day!‚ù§Ô∏è,2024-06-16,546419,25623,245,Jun,Jun 2024
66,‚úÖ Day 69 - Gutman's 100 Day Challenge | Dr Pal,2024-06-15,69309,3834,49,Jun,Jun 2024
67,The Shocking Truth About Alcohol Consumption and Delhi‚Äôs Nightlife ü•É‚ùå,2024-06-15,97663,3961,46,Jun,Jun 2024
68,All About How & When to Eat Millets - Health Benefits & Side Effects of Millets Explained by Dr Rao,2024-06-14,160659,2125,338,Jun,Jun 2024
69,‚úÖ Day 68 - Gutman's 100 Day Challenge | Dr Pal,2024-06-14,128245,5970,75,Jun,Jun 2024
70,This Is the #1 Fermented Drink You Should Be Drinking!‚òùÔ∏è,2024-06-13,125433,5039,64,Jun,Jun 2024
71,‚úÖ Day 67 - Gutman's 100 Day Challenge | Dr Pal,2024-06-13,99538,4832,114,Jun,Jun 2024
72,‚úÖ Day 66 - Gutman's 100 Day Challenge | Dr Pal,2024-06-12,165090,8454,106,Jun,Jun 2024
73,How Much Water Should You Drink Every Day? - Dr. Pal Explains!,2024-06-12,247638,12115,122,Jun,Jun 2024
74,Caught at Airport for Carrying Healthy Food üò± ‚ùå,2024-06-11,782904,24052,238,Jun,Jun 2024
75,‚úÖ Day 65 - Gutman's 100 Day Challenge | Dr Pal,2024-06-11,100349,5413,109,Jun,Jun 2024
76,‚úÖ Day 64 - Gutman's 100 Day Challenge | Dr Pal,2024-06-10,178103,7810,93,Jun,Jun 2024
77,Fecal Transplant - The Power of Poop üí©,2024-06-09,382389,11844,144,Jun,Jun 2024
78,‚úÖ Day 63 - Gutman's 100 Day Challenge | Dr Pal,2024-06-09,102544,5865,103,Jun,Jun 2024
79,Gutman's 100-Day Challenge: Day 50  UPDATE (Important Message),2024-06-08,45417,1060,146,Jun,Jun 2024
80,‚úÖ Day 62 - Gutman's 100 Day Challenge | Dr Pal,2024-06-08,134483,7495,101,Jun,Jun 2024
81,Good & Bad Gut Bacteria: Fun & Healthy Conversation with Alexander Babu (With Singing and Mimicry),2024-06-07,425342,5926,509,Jun,Jun 2024
82,‚úÖ Day 61 - Gutman's 100 Day Challenge | Dr Pal,2024-06-07,239777,13073,124,Jun,Jun 2024
83,‚úÖ Day 60 Update - Dance Special | Gutman's 100-Day Challenge ft. @Kuthufit,2024-06-06,1938278,69020,1788,Jun,Jun 2024
84,‚úÖ Day 59 - Gutman's 100 Day Challenge | Dr Pal,2024-06-05,158151,8340,112,Jun,Jun 2024
85,Debunking Myths about Carbs ft. @Zealocity,2024-06-04,155938,5155,63,Jun,Jun 2024
86,‚úÖ Day 58 - Gutman's 100 Day Challenge | Dr Pal,2024-06-04,292333,15406,158,Jun,Jun 2024
87,‚úÖ Day 57 - Gutman's 100 Day Challenge | Dr Pal,2024-06-03,144809,7758,136,Jun,Jun 2024
88,‚ö†Ô∏è Oreo Milkshake: The Shocking Truth About This Sugary Drink!,2024-06-02,209007,8620,136,Jun,Jun 2024
89,‚úÖ Day 56 - Gutman's 100 Day Challenge | Dr Pal,2024-06-02,98121,5638,76,Jun,Jun 2024
90,‚úÖ Day 55 - Gutman's 100 Day Challenge | Dr Pal,2024-06-01,217061,11025,202,Jun,Jun 2024
91,Understanding Insulin Resistance: What We Eat is Directly Linked to Prediabetes!@doctorarunkumar,2024-05-31,394547,7106,723,May,May 2024
92,‚úÖ Day 54 - Gutman's 100 Day Challenge | Dr Pal,2024-05-31,184543,8775,152,May,May 2024
93,‚ùåPizza Dhokla: Don't Try This Weird Mix of Dhokla and Pizza ‚Äì Here's Why!,2024-05-30,493829,15525,161,May,May 2024
94,‚úÖ Day 53 - Gutman's 100 Day Challenge | Dr Pal,2024-05-30,184149,9874,153,May,May 2024
95,‚úÖ Day 52 - Gutman's 100 Day Challenge | Dr Pal,2024-05-29,142062,7332,130,May,May 2024
96,Your Gut Will Like This Overnight SECRET Drink! üçµ,2024-05-28,4641520,180711,1555,May,May 2024
97,‚úÖ Day 51 - Gutman's 100 Day Challenge | Dr Pal,2024-05-28,345747,14939,201,May,May 2024
98,üí©Stool - Health Indicator,2024-05-27,2522566,83867,555,May,May 2024
99,‚úÖ Day 50 - Gutman's 100 Day Challenge | Dr Pal,2024-05-27,291351,14101,149,May,May 2024
100,‚úÖ Day 49 - Gutman's 100 Day Challenge | Dr Pal,2024-05-26,148375,7541,134,May,May 2024
101,Maggi Biryani - Don't Even Think About Trying This! ‚ùå,2024-05-26,1550525,41550,384,May,May 2024
102,Gutman Caught Antara Eating Maggi: What Happened Next?üò±,2024-05-25,1745751,66988,335,May,May 2024
103,‚úÖ Day 48 - Gutman's 100 Day Challenge | Dr Pal,2024-05-25,230309,11108,132,May,May 2024
104,‚úÖ Day 47 - Gutman's 100 Day Challenge | Dr Pal,2024-05-24,186466,7844,94,May,May 2024
105,How Many Medu Vadas Should You Eat? Dr. Pal Explains at A2B Restaurant üçΩÔ∏è,2024-05-23,441119,15332,128,May,May 2024
106,‚úÖ Day 46 - Gutman's 100 Day Challenge | Dr Pal,2024-05-23,225922,11111,147,May,May 2024
107,Enduri Pitha: The Surprising Fermented Superfood from Odisha!,2024-05-22,260055,8757,229,May,May 2024
108,‚úÖ Day 45 - Gutman's 100 Day Challenge | Dr Pal,2024-05-22,174707,9116,128,May,May 2024
109,Is Intermittent Fasting a Fad Diet?@LukeCoutinho  Explains,2024-05-21,320263,8773,149,May,May 2024
110,‚úÖ Day 44 - Gutman's 100 Day Challenge | Dr Pal,2024-05-21,305878,14435,137,May,May 2024
111,‚úÖ Day 43 - Gutman's 100 Day Challenge | Dr Pal,2024-05-20,166996,9329,148,May,May 2024
112,Dr. Pal's Shocking Reaction to Vodka Aloo Paratha! ü§Ø,2024-05-19,650826,22723,338,May,May 2024
113,‚úÖ Day 42 - Gutman's 100 Day Challenge | Dr Pal,2024-05-19,202544,10716,97,May,May 2024
114,"The Science of Eating for Health, Importance of Fiber, Fat Loss Tips & Building Muscles ft@Zealocity",2024-05-18,107375,1680,189,May,May 2024
115,‚úÖ Day 41 - Gutman's 100 Day Challenge | Dr Pal,2024-05-18,322412,15764,220,May,May 2024
116,Is Gut Bacteria Boy or Girl? Dr. Pal's Adorable Reaction to His Young Subscriber's Question,2024-05-17,1042372,42363,326,May,May 2024
117,‚úÖ Day 40 - Gutman's 100 Day Challenge | Dr Pal,2024-05-17,218364,10939,106,May,May 2024
118,Building Hope: Together We Heal | Thank You Subscribers for 25 Lacs Donation to VMF Foundation!üôèüèª,2024-05-16,59913,2656,60,May,May 2024
119,‚úÖ Day 39 - Gutman's 100 Day Challenge | Dr Pal,2024-05-16,234704,13079,158,May,May 2024
120,Importance of fiber in the diet ‚úÖüçΩÔ∏è,2024-05-15,198505,10620,129,May,May 2024
121,‚úÖ Day 38 - Gutman's 100 Day Challenge | Dr Pal,2024-05-15,260825,12447,142,May,May 2024
122,How Wrong Food Is Destroying Your Gut Health? ft Chef Venkatesh Bhat,2024-05-14,614949,14725,1516,May,May 2024
123,A Glimpse of my Recent MedCom Show at Cisco's California Headquarters ‚ù§Ô∏è,2024-05-14,86246,4205,74,May,May 2024
124,‚úÖ Day 37 - Gutman's 100 Day Challenge | Dr Pal,2024-05-14,286202,12801,155,May,May 2024
125,‚úÖ Day 36 - Gutman's 100 Day Challenge | Dr Pal,2024-05-13,1131196,42184,446,May,May 2024
126,‚ö†Ô∏è Eating Junk Food? Watch out - Gutman will hunt you down! üò±,2024-05-12,725341,27798,427,May,May 2024
127,‚úÖ Day 35 - Gutman's 100 Day Challenge | Dr Pal,2024-05-12,1432994,60626,245,May,May 2024
128,‚úÖ Day 34 - Gutman's 100 Day Challenge | Dr Pal,2024-05-11,488856,23413,253,May,May 2024
129,Gutman's 100 Day Challenge Update - Dr Pal's Dexa Scan Report after Day 30üéØ,2024-05-10,1451805,77414,684,May,May 2024
130,‚úÖ Day 33 - Gutman's 100 Day Challenge | Dr Pal,2024-05-10,366732,17283,201,May,May 2024
131,Medical stand up comedy (medcom) show - Special Announcement for all canada subscribers üì£,2024-05-09,111621,4275,74,May,May 2024
132,‚úÖ Day 32 - Gutman's 100 Day Challenge | Dr Pal,2024-05-09,235506,12061,168,May,May 2024
133,Dr Pal vs Fahad Fazil - Karinkaliyalle (Wait till the END!),2024-05-08,16859594,405214,3336,May,May 2024
134,‚úÖ Day 31 - Gutman's 100 Day Challenge | Dr Pal,2024-05-08,276610,15294,139,May,May 2024
135,‚úÖ Day 30 - Gutman's 100 Day Challenge | Dr Pal,2024-05-07,270029,13830,127,May,May 2024
136,Rum Tea ?  ‚òïÔ∏è‚ùå,2024-05-06,522278,14147,148,May,May 2024
137,‚úÖ Day 29 - Gutman's 100 Day Challenge | Dr Pal,2024-05-06,297455,14481,156,May,May 2024
138,This is What Happens When You Drink Alcohol Regularly ft. Antara x Gutman,2024-05-05,1154405,46429,252,May,May 2024
139,‚úÖ Day 28 - Gutman's 100 Day Challenge | Dr Pal,2024-05-05,232677,12623,139,May,May 2024
140,"Dr. Pal Reviews World-Famous Sandwich, But Wait, Is It Healthy? + Big Announcement at the End!‚ù§Ô∏è",2024-05-04,316098,14055,113,May,May 2024
141,"Luke Coutinho Deep Dives into Integrative & Lifestyle Medicine, Phone Addiction, and Mental Health!",2024-05-04,183886,3719,301,May,May 2024
142,‚úÖ Day 27 - Gutman's 100 Day Challenge | Dr Pal,2024-05-04,321384,16462,131,May,May 2024
143,‚úÖ Day 26 - Gutman's 100 Day Challenge | Dr Pal,2024-05-03,207193,11995,157,May,May 2024
144,Dr. Pal Reacts to Viral Food Reel: The Banana Parle Güò±,2024-05-02,320462,10952,133,May,May 2024
145,‚úÖ Day 25 - Gutman's 100 Day Challenge | Dr Pal,2024-05-02,600443,26954,253,May,May 2024
146,Teaching the Importance of Healthy Eating Habits from a Young Age!,2024-05-01,1232540,57371,323,May,May 2024
147,‚úÖ Day 24 - Gutman's 100 Day Challenge | Dr Pal,2024-05-01,216632,12595,136,May,May 2024
148,"Surprising Benefits of Drinking Filter Coffee, But Don't Make This Mistake!‚ö†Ô∏è",2024-04-30,720696,28512,204,Apr,Apr 2024
149,‚úÖ Day 23 - Gutman's 100 Day Challenge | Dr Pal,2024-04-30,224086,12975,138,Apr,Apr 2024
150,Midnight Craving? ‚ö†Ô∏è Caution: Gutman is Everywhere!üëª ft @Antara,2024-04-29,3526331,127777,1068,Apr,Apr 2024
151,‚úÖ Day 22 - Gutman's 100 Day Challenge | Dr Pal,2024-04-29,392228,23264,205,Apr,Apr 2024
152,"Dr Pal Reacts to India‚Äôs Richest Man, Mukesh Ambani's Favorite Dish!",2024-04-28,1535298,66106,447,Apr,Apr 2024
153,‚úÖ Day 21 - Gutman's 100 Day Challenge | Dr Pal,2024-04-28,414607,22887,200,Apr,Apr 2024
154,VJ Ramya: The Truth About Weightlifting for Women &How Fitness Helps in Overcoming Mental Challenges,2024-04-27,130361,1670,168,Apr,Apr 2024
155,‚úÖ Day 20 - Gutman's 100 Day Challenge | Dr Pal,2024-04-27,462527,24631,267,Apr,Apr 2024
156,Dr Pal teaches the RIGHT WAY to Eat on a Banana Leaf but wait for the twist in the end!,2024-04-26,463641,18664,89,Apr,Apr 2024
157,‚úÖ Day 19 - Gutman's 100 Day Challenge | Dr Pal,2024-04-26,1701817,87750,485,Apr,Apr 2024
158,Black Rice Halwa - Better Option?,2024-04-25,619663,24797,197,Apr,Apr 2024
159,‚úÖ Day 18 - Gutman's 100 Day Challenge | Dr Pal,2024-04-25,266421,14395,200,Apr,Apr 2024
160,‚úÖ Day 17 - Gutman's 100 Day Challenge | Dr Pal,2024-04-24,490189,24693,366,Apr,Apr 2024
161,‚úÖ Day 16 - Gutman's 100 Day Challenge | Dr Pal,2024-04-23,268416,14372,210,Apr,Apr 2024
162,Sleep Deprivation: The Hidden Dangers Explained! üò± ft. Anatara x Gutman,2024-04-22,2735679,116302,562,Apr,Apr 2024
163,‚úÖ Day 15 - Gutman's 100 Day Challenge | Dr Pal,2024-04-22,541094,24872,202,Apr,Apr 2024
164,Revant AKA @Foodpharmer The Food Industry's Dirty Secrets Exposed! Stop Buying These Foods Right Now,2024-04-21,455118,11445,674,Apr,Apr 2024
165,‚úÖ Day 14 - Gutman's 100 Day Challenge | Dr Pal,2024-04-21,488044,27022,250,Apr,Apr 2024
166,‚úÖ Day 13 - Gutman's 100 Day Challenge | Dr Pal,2024-04-20,520344,28305,209,Apr,Apr 2024
167,‚úÖ Day 12 - Gutman's 100 Day Challenge | Dr Pal,2024-04-19,273305,14562,121,Apr,Apr 2024
168,Dr. Pal's SHOCKING Reaction to Protein Idli: But Is It Really Healthy?,2024-04-18,4238643,177130,323,Apr,Apr 2024
169,‚úÖ Day 11 - Gutman's 100 Day Challenge | Dr Pal,2024-04-18,670031,34767,241,Apr,Apr 2024
170,‚úÖ Day 10 - Gutman's 100 Day Challenge | Dr Pal,2024-04-17,235538,14223,147,Apr,Apr 2024
171,‚úÖ Day 9 - Gutman's 100 Day Challenge | Dr Pal,2024-04-16,421548,23679,269,Apr,Apr 2024
172,‚úÖ Day 8 - Gutman's 100 Day Challenge | Dr Pal,2024-04-15,533174,27035,213,Apr,Apr 2024
173,‚úÖ Day 7 - Gutman's 100 Day Challenge | Dr Pal,2024-04-14,904133,44493,232,Apr,Apr 2024
174,Laughter & Medicine Unite - Fun Podcast with Kenny Sebastian | MedCom Special ft.@KennySebastian,2024-04-13,139060,3347,226,Apr,Apr 2024
175,‚úÖ Day 6 - Gutman's 100 Day Challenge | Dr Pal,2024-04-13,454100,24415,251,Apr,Apr 2024
176,‚úÖ Day 5 - Gutman's 100 Day Challenge | Dr Pal,2024-04-12,687981,38765,315,Apr,Apr 2024
177,‚úÖ Day 4 - Gutman's 100 Day Challenge | Dr Pal,2024-04-11,378624,21879,225,Apr,Apr 2024
178,‚úÖ Day 3 - Gutman's 100 Day Challenge | Dr Pal,2024-04-10,673243,39495,319,Apr,Apr 2024
179,‚úÖ Day 2 - Gutman's 100 Day Challenge | Dr Pal,2024-04-09,782728,45475,436,Apr,Apr 2024
180,‚úÖ Day 1 - Gutman's 100 Day Challenge | Dr Pal,2024-04-08,815214,53271,648,Apr,Apr 2024
181,Gutman's 100 Day Challenge Update - Dr Pal's Dexa Scan (Body Fat Percentage) Report,2024-04-07,2017966,64598,447,Apr,Apr 2024
182,If You See Dessert - Do What Our GutMan Does! üçΩÔ∏èüç®,2024-04-06,1854498,81214,451,Apr,Apr 2024
183,"Probiotics Benefits & Myths Explained by Krish Ashok, Masala Lab",2024-04-05,470829,16252,110,Apr,Apr 2024
184,"Don't Eat Probiotics & Fermented Food Before Watching this Video! ft. @krishashok,  Masala Lab",2024-04-05,507647,7371,690,Apr,Apr 2024
185,BIGGEST Announcement Ever‚ÄºÔ∏è  Gutman's 100 Day Challengeüí™üèª,2024-04-04,252069,11988,1225,Apr,Apr 2024
186,"‚ù§Ô∏èInvited as a chief guest to my medical college ( PSG, cbe) Empower the Young doctors!üöÄ",2024-04-03,716862,36348,484,Apr,Apr 2024
187,Gulab Jamun in Gol Gappa... Wait.... WHAT???üò± Dr. Pal Reacts to Weirdest Food Combination,2024-04-02,720767,24270,351,Apr,Apr 2024
188,Dr. Pal Reacts to Kingfisher Instant Mix Beer - Watch Till the End for an Important Lesson!,2024-04-01,132502,3033,445,Apr,Apr 2024
189,Dr Pal Reviews Gen Z Kid's Plate in US - You Won't Believe What Dr. Pal Found üò±,2024-03-31,4336009,175562,820,Mar,Mar 2024
190,"World Idli Day 2024: You Order Idli, Dr. Pal Pays üçΩÔ∏è",2024-03-30,1735009,92722,1022,Mar,Mar 2024
191,Is Fruit Sugar as Bad as Added Sugar? ft. @celebritynutritionistryan,2024-03-29,1060104,43642,353,Mar,Mar 2024
192,This is how you create a healthy plate while eating at a breakfast buffet!,2024-03-28,566712,15764,107,Mar,Mar 2024
193,The Dangers of Screen Time for Kids ft. Antara x Gutman,2024-03-28,3091764,101114,514,Mar,Mar 2024
194,My Upcoming Medcom Show's Special Announcement ‚ù§Ô∏è,2024-03-27,278115,8989,138,Mar,Mar 2024
195,Dr. Pal Reviews Bahrain's Breakfast Buffet in Vlog Style!,2024-03-27,51156,801,144,Mar,Mar 2024
196,"Dr. Pal shares his unbelievable experience at the Michelin Star restaurant ""Hawks"" in Sacramento!üò±",2024-03-26,342727,12971,149,Mar,Mar 2024
197,Watch this video before buying Popcorn Chicken Biryani at KFC üçóüçΩÔ∏è,2024-03-25,3151931,131456,512,Mar,Mar 2024
198,The Downside Of Over-exercising: How Too Much Can Harm Your Body,2024-03-24,1205235,53922,284,Mar,Mar 2024
199,"Orthopedic Surgeon Dr Santhosh: Importance of Exercise, Muscle Mass, Lower Back Pain & Obesity Risks",2024-03-24,743629,10932,763,Mar,Mar 2024
200,Kate Middleton‚Äôs Cancer Diagnosis: This is How to Detect Cancer Before It's Too Late!,2024-03-23,979526,37378,289,Mar,Mar 2024
201,"Is Too Much Protein Powder Bad for You? Jitendra Chouksey, Founder of FITTR",2024-03-23,1593917,50472,518,Mar,Mar 2024
202,Feeling Tired all the Time? This Might Be the Reason! ‚ö†Ô∏è ft. Antara x Gutman,2024-03-22,3843021,157248,781,Mar,Mar 2024
203,This is How You Create a Healthy Plate - Full Video Link üëÜ,2024-03-21,628538,16377,141,Mar,Mar 2024
204,Dr. Pal Reviews Meta (Facebook) Cafeteria 'Food' - A Day in a Doctor's Life VLOG!,2024-03-21,163565,2023,216,Mar,Mar 2024
205,Does Intermittent Fasting Raise Heart Risks? Dr. Pal Reveals The Real Truth Behind the Study,2024-03-20,600390,24064,415,Mar,Mar 2024
206,"Free school for special kids I Punnagai Pookal, Maduraiüëá",2024-03-19,333854,25165,197,Mar,Mar 2024
207,If you stumble upon this Handi Omelette Shop - Run Away!üèÉ‚Äç‚ôÄÔ∏è| Dr Pal Reviews VIRAL Handi Omelette,2024-03-18,1518380,60730,706,Mar,Mar 2024
208,"Osteoarthritis Explained: Learn What It Is and How to Overcome It ft Manan Vora, Orthopaedic Surgeon",2024-03-17,573929,21304,133,Mar,Mar 2024
209,"Dr. Pal Reviews His Favorite Oreo, but This Time It's Oreo Idli üò±",2024-03-16,1523935,72555,1152,Mar,Mar 2024
210,"Celebrity Nutritionist Ryan Fernando Delves into Anti-Aging, Sugar Craving&Restaurant Food Concerns",2024-03-15,3447651,61229,3058,Mar,Mar 2024
211,Are Microplastics Linked to Heart Attack Risk? Dr. Pal Reveals the Truth!,2024-03-14,969300,40938,311,Mar,Mar 2024
212,Understanding Gas and Abdominal Bloating: Dr. Pal Explains Causes and Solutions!,2024-03-13,1110310,24008,882,Mar,Mar 2024
213,"‚ö†Ô∏è Kids, Stop Eating Junk Food! Dr Pal aka 'Gutman' is watching you!",2024-03-12,1789769,144158,0,Mar,Mar 2024
214,"If You Love Eating Pani Puri, Then You Should Not Miss Dr. Pal's Review on It!",2024-03-11,1214259,62689,528,Mar,Mar 2024
215,4 Tips by Dr. Pal for a Healthy Ramadan!,2024-03-10,1884398,88976,1043,Mar,Mar 2024
216,Are Carbs The Enemy Or A Friend To Your Health?,2024-03-09,1050662,43380,286,Mar,Mar 2024
217,"Breaking Down the Biggest Fitness Myths on the Internet: Jitendra Chouksey, India's Top FitnessCoach",2024-03-09,457300,7971,604,Mar,Mar 2024
218,Is 'Ghee Coffee' Really Healthy for You?,2024-03-08,2267844,105248,669,Mar,Mar 2024
219,My ‚ÄúME time‚Äù ! #katchisera #drpal #dance,2024-03-07,1773448,71120,1475,Mar,Mar 2024
220,Dr. Pal Reveals Chickpea Sundal's Nutritional Power! üí™üèª,2024-03-06,3688714,154426,599,Mar,Mar 2024
221,"""Kids are eating too much sugar - Instead, I recommend this!""",2024-03-05,1319548,54538,328,Mar,Mar 2024
222,Introducing MEDCOM!üî•,2024-03-04,266737,8773,127,Mar,Mar 2024
223,Dr. Pal Tries 100-Year-Old Ooty Varkey - This Is What He Said After Eating! üò±,2024-03-03,1390581,59349,405,Mar,Mar 2024
224,Subah's Shocking Revelation: How I Managed My Childhood Illness! ‚òùÔ∏è,2024-03-03,2494848,87639,400,Mar,Mar 2024
225,Fitness Enthusiast Nithin Kamath of Zerodha Suffered a Stroke - Here's What You're Missing Out! üîç‚ùå,2024-03-02,1337281,53381,389,Mar,Mar 2024
226,Is the Satvic Diet Really Effective in Reversing Diseases? Subah & Harsh from @SatvicMovement,2024-03-01,304652,6713,818,Mar,Mar 2024
227,Is the Satvic Diet Really Effective in Reversing Diseases? @SatvicMovement Share Life Struggles!,2024-03-01,1219399,22111,1209,Mar,Mar 2024
228,Want To Stop Drinking Alcohol?! TRY THIS TECHNIQUE!,2024-02-29,218474,8742,110,Feb,Feb 2024
229,3 Big Announcementsüî•Don't Miss This Important Update!,2024-02-28,94775,3313,274,Feb,Feb 2024
230,Simple Hacks Revealed by Neurologist Dr. Sid to Train Your Brain to Eat Healthy!,2024-02-27,481321,19861,100,Feb,Feb 2024
231,Why We Can't Stop Scrolling?,2024-02-26,612945,29729,146,Feb,Feb 2024
232,Honored to receive an award from the Indian Medical Association ‚ù§Ô∏è,2024-02-25,952052,34254,576,Feb,Feb 2024
233,"This guy ate a biryani bucket alone! Let's see how our Gutman, aka Dr. Pal, reacts!üò±",2024-02-24,10177772,427826,1967,Feb,Feb 2024
234,How Bacteria Rule Over Your Body? Watch the Complete Podcast with @Muscleblaze,2024-02-24,555218,16690,91,Feb,Feb 2024
235,Hunting for Healthy Shawarma on the Streets of Bahrain! ‚ù§Ô∏è,2024-02-23,187456,3135,272,Feb,Feb 2024
236,Don't Make This Mistake While Eating MOMOs! ü•ü‚ùå,2024-02-22,6176818,282721,1403,Feb,Feb 2024
237,1500 seater Coimbatore Medcom Show Audience Reaction‚ù§Ô∏è,2024-02-21,190577,8391,122,Feb,Feb 2024
238,This is How You Can Prevent Cervical Cancer!,2024-02-21,761332,22364,243,Feb,Feb 2024
239,Iruttu Kadai Halwa: You Won't Believe How Dr. Pal Ate This Delicious Halwa!,2024-02-20,7169400,232711,1463,Feb,Feb 2024
240,The National Creators Award 2024 - Please Nominate Our Channel :),2024-02-20,647755,41419,504,Feb,Feb 2024
241,Dr Pal Reacts to Singham part 4 - The Rice Bowl Shawarma Reel,2024-02-19,5688507,341378,602,Feb,Feb 2024
242,Why Preventive Health Care Is Important?,2024-02-18,289785,6931,45,Feb,Feb 2024
243,"Dr. Sathya, Apollo talks about Preventive Healthcare, Stress & Proactive Wellness at Every Age!",2024-02-18,155921,2358,195,Feb,Feb 2024
244,This is why BIGG Boss is Popular!! Neurologist Dr. Sid Explains Why We Love Watching People Fighting,2024-02-18,153884,6291,105,Feb,Feb 2024
245,Is Red Wine Really Good For Your Heart?,2024-02-17,197332,6978,38,Feb,Feb 2024
246,"If your sleep is often interrupted, then you should definitely watch this video.",2024-02-17,744531,30610,202,Feb,Feb 2024
247,Neurologist Dr. Sid Reacts to Narayana Murthy's 70-Hour Work Week and its impact on Your Brain!,2024-02-17,734555,26564,242,Feb,Feb 2024
248,"@Sidwarrier, a Neurologist, Reveals Shocking Links between Mindless Scrolling, Stress & Depression üß†",2024-02-17,1236876,29154,1315,Feb,Feb 2024
249,Cabbage Kimchi - Your GUT BACTERIA will love this Fermented FOOD! ‚ù§Ô∏è,2024-02-15,2036314,79546,614,Feb,Feb 2024
250,Making your spouse a priority - Happy Valentine's Day ‚ù§Ô∏è  @PriyaPal_Vibes @magicmoments photography,2024-02-14,2045861,110761,1953,Feb,Feb 2024
251,Dr. Pal's Honest Review on Ready-to-Eat Upma Served as Breakfast on his Recent Flight!,2024-02-13,2871957,101016,692,Feb,Feb 2024
252,Your Support Makes Our Work Possible And We Cannot Do It Without You (Donate Now To Make An Impactüëá),2024-02-12,87244,3633,45,Feb,Feb 2024
253,Behind the Scenes of My Recent Chennai Medcom Show & Audience Reaction‚ù§Ô∏è,2024-02-11,194859,6750,142,Feb,Feb 2024
254,9 Fermented Foods You Need to Start Eating to Improve Your Gut Health!,2024-02-11,1648251,31107,2042,Feb,Feb 2024
255,"Samosa Lovers, You Need This 'Mini' Hack for Guilt-Free Snack",2024-02-09,1050369,44426,436,Feb,Feb 2024
256,"My own school - TVS, Madurai ‚ù§Ô∏è Teaching Young Children the Importance of Healthy Habits!",2024-02-08,2597878,116309,805,Feb,Feb 2024
257,The surprising connection between Muslim Prayer and the Circadian Rhythm,2024-02-06,1536389,65245,1383,Feb,Feb 2024
258,The Dangerous Risk of Taking Antibiotics Without a Prescription,2024-02-05,4077541,173044,1660,Feb,Feb 2024
259,Dr. Pal reacts to VIRAL Food Combination Reels - Part 2üò±,2024-02-04,252453,7025,634,Feb,Feb 2024
260,What Pilots Really Eat Before Taking a Flight! ‚úàÔ∏èüçî -  Dr. Pal Reviews Captain's Diet,2024-02-03,2494240,111186,854,Feb,Feb 2024
261,Do this exercise to overcome knee pain ft. @sethu_official,2024-02-02,887698,32242,320,Feb,Feb 2024
262,Doctor Pal's Day in the Life ft. Pongal Celebration Vlog,2024-01-30,363477,4570,339,Jan,Jan 2024
263,ALCOHOL + THIS GAME = DON'T DRINK ALCOHOL AT ALL! üö´‚ö†Ô∏è,2024-01-29,880439,35469,403,Jan,Jan 2024
264,My New Medcom Show Announcement in a Unique Style - Details Below üëá‚ù§Ô∏è,2024-01-28,749079,24943,816,Jan,Jan 2024
265,Dr. Pal Reviews 5-Star Hotel Taj Lands End Breakfast Buffet in Mumbai.,2024-01-27,5544972,187634,985,Jan,Jan 2024
266,"This is what I ate at my friend's potluck, but wait until you see Saravana Kumar's food choices! üç≤ü§î",2024-01-25,1447368,63658,252,Jan,Jan 2024
267,The Amazing Hidden Benefits of Amla! üåø‚úÖ,2024-01-24,2952114,134427,763,Jan,Jan 2024
268,Priya's Birthday Surprise Gone Wrong!! ü•¥ @PriyaPal_Vibes,2024-01-23,3740975,172742,1661,Jan,Jan 2024
269,Educating Children on the Right Eating Habits for a Healthy Future!‚ù§Ô∏è,2024-01-22,1007252,35339,325,Jan,Jan 2024
270,"Antara Challenges Dr. Pal, aka Gut Man: Will He Pass the Test? üèÜ",2024-01-21,2693832,97786,872,Jan,Jan 2024
271,The Problem with Occasional Alcohol Drinking - No Amount is SAFE!!! ‚ùå‚ö†Ô∏è,2024-01-20,2307261,110090,613,Jan,Jan 2024
272,Cheese Coke: Dr. Pal's Shocking Reaction to the New VIRAL Food Trend,2024-01-19,464739,13148,196,Jan,Jan 2024
273,Dr. Pal Recommends This Important Tip to Lose Weight!,2024-01-17,412274,17078,240,Jan,Jan 2024
274,"Charcoal Dosa... Wait, What?üò± Dr. Pal Reacts to Viral IG Food Reel",2024-01-16,3758170,118848,960,Jan,Jan 2024
275,Dr. Pal Reacts to What Bobby Deol Eats in a Day Video!,2024-01-14,493853,8713,656,Jan,Jan 2024
276,Khorisa: An Assamese Fermented Gem You Must Try,2024-01-13,522915,19521,351,Jan,Jan 2024
277,Dr. Pal's Medcom Show - ‚ÄúLaws of weight loss‚Äù - Big Announcementüì¢‚ù§Ô∏è |,2024-01-12,918454,44948,624,Jan,Jan 2024
278,What the hell are Bhel Chips?! Dr. Pal reacts to the new trendy food reel,2024-01-11,1945737,100490,563,Jan,Jan 2024
279,Amazing Health Benefits of Ragi Ambli That You Should Know!,2024-01-09,1538157,65630,1005,Jan,Jan 2024
280,Solkadhi (Kokum Curry): The Probiotic Drink You Need to Try Now to Improve Your Gut Health!,2024-01-08,1081645,40651,390,Jan,Jan 2024
281,Is Boba Tea Really Healthy? Find out what Dr. Pal aka Gutman has to say about it! ft Antara,2024-01-07,10155850,361626,1869,Jan,Jan 2024
282,Buffet Eating Gone Wrong! Dr. Pal's Smart Guide to Friends Backfires ü•≤,2024-01-06,1481202,70123,631,Jan,Jan 2024
283,"Dosa is good for your gut health, but don't make this mistake!üëÜ",2024-01-05,2067735,100543,1409,Jan,Jan 2024
284,Alcohol in flight? üçª,2024-01-04,494023,20899,202,Jan,Jan 2024
285,"""Apple Bhajji' - ?? I Dr Pal",2024-01-03,2854767,100062,962,Jan,Jan 2024
286,Eat Salad over Gulab Jamun! A Mini VLOG ft. Dr. Pal,2024-01-02,675139,23467,158,Jan,Jan 2024
287,Happy New Year 2024 ‚ù§Ô∏èü•≥ | 101 Reasons to Follow Me!‚úÖüéØ,2024-01-01,1858675,95499,2183,Jan,Jan 2024
288,Surprising My Subscribers at a Dinner Table ü§û| YouTube Gold Button Unboxing!,2023-12-31,1002473,64279,552,Dec,Dec 2023
289,Dr. Pal reacts to VIRAL Food Combination Reels - Part 1üò±,2023-12-30,527071,15308,805,Dec,Dec 2023
290,This is what I did before going to a Physician's Party! üéâüò±,2023-12-29,3917130,197154,995,Dec,Dec 2023
291,Mangosteen Fruit: Dr. Pal & Priya Reviews Malaysian Fruits with an Unexpected Twist!,2023-12-28,5273863,167760,969,Dec,Dec 2023
292,Dr. Pal reacts to his controversial statement on C-sections & Red Meat from the @BeerBiceps  Podcast,2023-12-27,414028,12088,671,Dec,Dec 2023
293,Is it okay to Eat a Pickle? ü•í Here's what Dr. Pal has to say,2023-12-26,1365179,52773,596,Dec,Dec 2023
294,Dr. Pal's 5 Commandments for a Healthy Christmas - Merry Christmas,2023-12-25,788864,37498,376,Dec,Dec 2023
295,Week 12 Challenge - Write a Small Note Daily #90DaysWithPal,2023-12-24,284650,10732,149,Dec,Dec 2023
296,What happens when Gutman meets Antara in the grocery store! ü§î ft Dr. Pal,2023-12-23,5768077,211996,1377,Dec,Dec 2023
297,The Surprising Benefits of Taking Up One Physical Activity,2023-12-22,1603313,72083,740,Dec,Dec 2023
298,Does STRESS Really Cause Belly Fat? Dr. Pal Reacts to Popular Internet Belief,2023-12-21,1067284,41063,302,Dec,Dec 2023
299,Malaysian Special Dish - Dr. Pal Reviews Malaysian Nasi Goreng Kampung.,2023-12-20,2926072,113023,748,Dec,Dec 2023
300,The SURPRISING Benefits of Eating Dhokla! üçΩÔ∏è,2023-12-19,2915676,133149,1034,Dec,Dec 2023
301,Hungry During Intermittent Fasting? Here are Top Tips from Dr. Pal to Overcome It,2023-12-18,251846,6129,802,Dec,Dec 2023
302,Week 11 Challenge - Time Restricted Fasting #90dayswithpal,2023-12-17,388943,17303,272,Dec,Dec 2023
303,Try Kanji: The Traditional Indian Probiotic Drink Packed with Health Benefits! ü•§üí™,2023-12-17,1838981,64158,519,Dec,Dec 2023
304,Dr. Pal's reaction to Priyanka Chopra's food choices! (Full  Video Link in Descriptionüëá),2023-12-16,2725025,62105,400,Dec,Dec 2023
305,Dr. Pal's EPIC Healthy Smoothie Fail! Antara's HILARIOUS Reaction! üçπ,2023-12-15,4844785,200441,967,Dec,Dec 2023
306,Dr. Pal reacts to Priyanka Chopra's Diet Plan!,2023-12-14,1046524,15148,889,Dec,Dec 2023
307,"Dr. Pal Tries Malaysia's Favorite Street Food, Roti Canai for the First Time - Is it Healthy? üçõü§î",2023-12-13,1235952,42919,576,Dec,Dec 2023
308,WeEMBRACE : Serving Neuro-Diverse Individuals and their Families ‚ù§Ô∏è,2023-12-12,320136,10248,96,Dec,Dec 2023
309,Friend Invite Gone Wrong!!üò±,2023-12-11,2978235,180328,1242,Dec,Dec 2023
310,Week 10 Challenge - Meditation #90dayswithpal,2023-12-10,351659,18128,145,Dec,Dec 2023
311,This is the Only Way to Preserve Good Bacteria from Extinction! Full Podcast Link Belowüëá @BeerBiceps,2023-12-10,2641240,119373,304,Dec,Dec 2023
312,Vegetables in plate keeps GUT Doctor AWAY!! ft. Antara,2023-12-09,4130154,171284,1157,Dec,Dec 2023
313,Say Goodbye to Heartburn: The Complete Guide to FIX Heartburn (GERD) & Acid Reflux,2023-12-08,397620,11113,1585,Dec,Dec 2023
314,Karipap: Dr. Pal's Review + Calorie Balance Hacks for Smart Travelers! ‚ú®,2023-12-07,3570164,133109,719,Dec,Dec 2023
315,Dr. Pal on Must-Have Foods for Kids That Supercharge Good Gut Bacteria! üåüüöÄ ft Dr. Sayed @Dr_hifive,2023-12-06,1011470,51298,291,Dec,Dec 2023
316,Week 9 Challenge - Consume 1 Fermented Food Every Day #90dayswithpal,2023-12-03,589826,27349,399,Dec,Dec 2023
317,Dr. Pal reacts to Suniel Shetty's Diet Plan,2023-12-02,1033373,11646,630,Dec,Dec 2023
318,Dr. Pal Reviews Famous Malaysian Chicken Curry Laksa ‚Äì Will It Pass the Test?,2023-12-01,3859696,156714,791,Dec,Dec 2023
319,Dr. Pal Reacts to Kid Choosing Broccoli over Junk Food!,2023-11-30,4255839,237925,1242,Nov,Nov 2023
320,Eating Healthy in a Mall's Food Court! üò±ü•ó,2023-11-29,5022474,171543,1035,Nov,Nov 2023
321,Dr. Pal's Reverse Banana Leaf Method to Manage Calories Intake!,2023-11-28,4243649,174186,949,Nov,Nov 2023
322,Week 8 Challenge - Limit Your Phone Usage #90dayswithpal,2023-11-27,472589,21462,194,Nov,Nov 2023
323,Mindful Eating Tips ft. Saravana Kumar | AappaKadai Indian (Non-Veg) Restaurant VLOG@Folsom- Dr. Pal,2023-11-26,421775,6671,628,Nov,Nov 2023
324,Mind-Blowing Reactions at my MedCom Dallas Show! ‚ù§Ô∏èüî•,2023-11-25,205257,8579,117,Nov,Nov 2023
325,Pav Bhaji - How to Make it Healthy? | Dr. Pal,2023-11-24,6455801,217137,1614,Nov,Nov 2023
326,"The Shocking Link Between Sausage and Colon Cancer, Explained by Dr. Pal.",2023-11-23,6358117,276193,2934,Nov,Nov 2023
327,Dr Pal Breaks Down Ankit Singh's Extreme Diet! (75 Hard Challenge),2023-11-22,1860379,52213,1230,Nov,Nov 2023
328,"Week 7 Challenge - Complete 7,000 Steps *GIVEAWAY Announcement*üéÅüö∂‚Äç‚ôÇÔ∏è #90dayswithpal",2023-11-20,399119,17479,266,Nov,Nov 2023
329,üò±Maggie Pizza: Dr. Pal Reacting to WEIRD Food Combinations!,2023-11-19,4367340,202848,1325,Nov,Nov 2023
330,Should You Include Greek Yogurt in Your Diet? Dr. Pal's Verdict,2023-11-18,1306760,63307,577,Nov,Nov 2023
331,What I Ate in My Time-Restricted Feeding Window - 5 Must-Have Foods! | Dr. Pal,2023-11-17,296561,6003,521,Nov,Nov 2023
332,2 BIG Announcements - YOU CAN'T MISS!!!,2023-11-16,603941,27936,313,Nov,Nov 2023
333,Your Phone is 10x Dirtier Than a Toilet Seat!! ü¶†üì≤ | Dr. Pal REVEALS a DIRTY Secret,2023-11-15,1502076,44175,401,Nov,Nov 2023
334,Diwali Special VLOG (MY SECRET Diwali Food HACKS) - A Day in a LIFE of Dr. Pal,2023-11-14,176430,2665,295,Nov,Nov 2023
335,Week 6 Challenge -  Revisit Old Challenges & 1 Million Instagram Celebration #90dayswithpal,2023-11-13,29333,975,58,Nov,Nov 2023
336,Dr. Pal explains how to have a 'SAFE & SWEET' Diwali? ü™î‚ú®,2023-11-12,1827869,89745,902,Nov,Nov 2023
337,Is McDonald's Oreo McFlurry DESTROYING Your Gut? Dr Pal vs Antara üò±üç¶,2023-11-11,11655187,421505,3108,Nov,Nov 2023
338,Before You Light That Cigarette  - Watch This Video by Dr. Pal! üö¨‚ùå,2023-11-10,818740,32027,304,Nov,Nov 2023
339,Dr. Pal Reviews Air India Flight Food üç¥ü§§,2023-11-09,9252158,299968,1733,Nov,Nov 2023
340,‚ù§Ô∏è Heartwarming Audience Reaction at My Medcom Show in Malaysia -Upcoming Shows Link in Descriptionüëá,2023-11-08,322101,8603,63,Nov,Nov 2023
341,Food options to choose in airport | Dr Pal,2023-11-07,2243899,97109,3719,Nov,Nov 2023
342,Week 5 Challenge - Mindful Eating | Dr Pal #shorts,2023-11-06,316441,14824,137,Nov,Nov 2023
343,Science Behind Intermittent Fasting and Circadian Rhythm EXPLAINED! ft. Dr. Julie Shatzel & Dr. Pal,2023-11-05,75939,1656,245,Nov,Nov 2023
344,Eating Late Is Ruining Your Gut Health - Watch Now! #InNOut,2023-11-04,2109473,89242,1286,Nov,Nov 2023
345,She Surprised Me With THIS For My Birthday! ü•≥üòç | Dr Pal,2023-11-03,2455955,81420,969,Nov,Nov 2023
346,Guava - The Super Fruit | Dr Pal,2023-11-02,14196751,360635,2642,Nov,Nov 2023
347,My CHOICES in breakfast buffet | Dr Pal,2023-11-01,6187143,283947,1291,Nov,Nov 2023
348,What will I order in Starbucks? | Dr Pal,2023-10-31,2759156,127614,957,Oct,Oct 2023
349,Week 4 challenge #90dayswithpal | Dr Pal,2023-10-30,777153,35050,357,Oct,Oct 2023
350,5 Indian probiotic alternatives to Yakult | @Foodpharmer | Dr Pal,2023-10-29,436919,8776,282,Oct,Oct 2023
351,Reaction to Medical comedy ‚ÄúMedcom‚Äù show - @ Malaysia,2023-10-28,200020,6211,72,Oct,Oct 2023
352,Tips to manage WEEKENDS during FASTING | Dr Pal,2023-10-28,76868,1807,179,Oct,Oct 2023
353,Amount of ‚Äúhealthy‚Äù snacking | Dr Pal,2023-10-27,5939112,226995,1581,Oct,Oct 2023
354,Young Heart Attacks again? | Dr Pal,2023-10-26,1920323,101313,856,Oct,Oct 2023
355,Teaching ‚Äúchest compressions‚Äù | Be a Lifesaver | Dr Pal,2023-10-25,4990746,267989,1509,Oct,Oct 2023
356,Is coffee good for gut health? | Dr Pal,2023-10-23,2364930,103322,1023,Oct,Oct 2023
357,Snacking? I week 3 challenge #90dayswithpal | Dr Pal,2023-10-22,509528,26089,295,Oct,Oct 2023
358,My ‚ÄúFOOD‚Äù options at Saravanaa Bhavan (Popular Veg Restaurant) | Dr Pal,2023-10-21,1063768,10967,771,Oct,Oct 2023
359,Is roti canai the healthiest bread? | Dr Pal,2023-10-20,1613283,63482,504,Oct,Oct 2023
360,Kids Education: Unhealthy vs. Healthy Foods | Dr Pal,2023-10-18,2144218,76958,422,Oct,Oct 2023
361,Supporting kids with special abilities | Dr Pal,2023-10-17,15006,310,35,Oct,Oct 2023
362,Grapesüçá for Gut Health? | Dr Pal,2023-10-16,781685,34168,444,Oct,Oct 2023
363,Week 2 challenge #90dayswithpal | Dr Pal,2023-10-15,386642,20315,274,Oct,Oct 2023
364,Doctor reacts to ‚Äúdelivery‚Äù scene in movie ‚Äú3 idiots‚Äù | Dr Pal,2023-10-14,128911,3093,254,Oct,Oct 2023
365,Problem with Durian - The SUPER FRUIT? | Dr Pal,2023-10-13,788689,28333,326,Oct,Oct 2023
366,What is your ‚ÄúME‚Äù time? #90dayswithpal | Dr Pal,2023-10-11,1695548,74359,1564,Oct,Oct 2023
367,Week 1 challenge #90dayswithpal | Dr Pal,2023-10-09,1028561,66564,885,Oct,Oct 2023
368,Top 5 mistakes I did during my fasting journey | Dr Pal,2023-10-08,251666,6359,711,Oct,Oct 2023
369,Medcom show near Singapore | Dr Pal,2023-10-07,302072,7803,205,Oct,Oct 2023
370,My medical students eating PIZZA? | Dr Pal,2023-10-06,297116,7479,285,Oct,Oct 2023
371,"90 Day challenge  #HabitsOverDieting, Ready? | Dr Pal",2023-10-05,2935119,166310,2206,Oct,Oct 2023
372,Is Pizza üçï bad for your gut | Dr Pal,2023-10-04,2085915,108694,835,Oct,Oct 2023
373,Akshay Kumar's Healthy Habits | Dr Pal,2023-10-03,9681849,353207,2826,Oct,Oct 2023
374,What's inside an Ambulance üöë | Dr Pal,2023-10-01,26215,617,114,Oct,Oct 2023
375,Comedy Heals I Dr Pal's Medcom Show,2023-09-29,329558,12840,172,Sep,Sep 2023
376,Rich Source of Antioxidants? | Dr Pal,2023-09-27,1959603,78237,750,Sep,Sep 2023
377,Dr. Pal Receives ATEA Pioneer Award at CATEALYZE 23,2023-09-26,207142,11876,685,Sep,Sep 2023
378,Review of an Event's lunch | Dr Pal,2023-09-25,2660985,94321,696,Sep,Sep 2023
379,Let‚Äôs bust Soy(a) Myths | Dr Pal,2023-09-24,521984,11664,1113,Sep,Sep 2023
380,How my diet goes? | Dr Pal,2023-09-23,355675,8188,104,Sep,Sep 2023
381,Malaysia‚Äôs Nasi Lemak - Int‚Äôl HEALTHY food? ü•öü•í ü•úüçö | Dr Pal,2023-09-22,681798,27134,319,Sep,Sep 2023
382,üèèVirat's Time‚è±Ô∏è boundaries for Anushka | Dr Pal,2023-09-21,28134154,896804,4948,Sep,Sep 2023
383,"Fermented Riceüçõ, Gut Bacteriaü¶† & Emotions | Dr Pal",2023-09-20,969523,42282,526,Sep,Sep 2023
384,When Social Drinking ü•É Goes Too Far | Dr Pal,2023-09-18,2619951,109521,1006,Sep,Sep 2023
385,"1,000,000 + subscribers üôè| Main reason? I Dr Pal",2023-09-17,43043,2063,421,Sep,Sep 2023
386,A simple tip to strengthen your brain-gut connection | Dr Pal,2023-09-16,183260,7421,345,Sep,Sep 2023
387,Why RASAM ü•£ is good for your GUT? | Dr Pal,2023-09-14,4027995,155026,1967,Sep,Sep 2023
388,One Simple Stress Relief Tip | Dr Pal,2023-09-12,871597,38536,358,Sep,Sep 2023
389,"Smoking, a Silent Killer | Dr Pal",2023-09-10,1068525,50323,608,Sep,Sep 2023
390,Power üí™üèΩ of Family Support | Dr Pal,2023-09-09,1159169,35834,229,Sep,Sep 2023
391,Midnight restaurant ? | Dr Pal,2023-09-08,5728299,181245,1745,Sep,Sep 2023
392,"Popcorn, is it Good or Bad? | Dr Pal #popcorn",2023-09-05,3373159,167205,1098,Sep,Sep 2023
393,What is the MAIN reason for CONSTIPATION? | Dr Pal,2023-09-02,2079927,75845,914,Sep,Sep 2023
394,What do YOUNG minds think of HEALTH? | Dr Pal,2023-08-31,1341900,55602,512,Aug,Aug 2023
395,Why should you add curd every day to your diet? | Dr Pal,2023-08-29,10368957,340035,2596,Aug,Aug 2023
396,Is drinking wine good for you? | Dr Pal,2023-08-27,927307,38291,694,Aug,Aug 2023
397,Explaining the new genre MEDCOM | Dr Pal,2023-08-26,811337,34697,317,Aug,Aug 2023
398,Antibiotic resistance - The NEXT pandemic? | Dr Pal,2023-08-25,1685266,60291,962,Aug,Aug 2023
399,How ‚Äúbad‚Äù is parotta? | Dr Pal,2023-08-22,4988900,174015,2895,Aug,Aug 2023
400,Galloping towards well-being | Dr Pal,2023-08-21,74192328,1753068,4944,Aug,Aug 2023
401,Eating tip in shopping mall | Dr Pal,2023-08-20,916575,43810,589,Aug,Aug 2023
402,Benefits of Ice Apple (Nongu/‡Æ®‡ØÅ‡Æô‡Øç‡Æï‡ØÅ) | Dr Pal,2023-08-18,2307852,107986,926,Aug,Aug 2023
403,Is Backward Walking effective? | Dr Pal,2023-08-16,1745816,78822,722,Aug,Aug 2023
404,Freedom - EXERCISE it ! #govtofindiacollab | Dr Pal.,2023-08-15,900038,65455,978,Aug,Aug 2023
405,Madurai's Cool Drink Jigarthanda | Dr Pal,2023-08-13,5904987,208074,1506,Aug,Aug 2023
406,What is the secret of MY energy ?,2023-08-12,1940544,95169,778,Aug,Aug 2023
407,Coconut water safe for Diabetics? | Dr Pal,2023-08-11,4403845,212707,1494,Aug,Aug 2023
408,Which ‚Äúshow timing‚Äù is better to watch movies in theaters? | Dr Pal,2023-08-11,1461216,70263,671,Aug,Aug 2023
409,What is ‚ÄúMindful‚Äù drinking? #jailer  @AnirudhOfficial @suntv | Dr Pal,2023-08-09,2113766,104737,1225,Aug,Aug 2023
410,Is Sugarcane Juice a health drink? | Dr Pal,2023-08-08,15692528,556236,3618,Aug,Aug 2023
411,Celebrate Life by sponsoring a meal | Aishwaryam Trust | Dr Pal,2023-08-07,86369,2340,332,Aug,Aug 2023
412,Are you frequenting KFC? | Dr Pal,2023-08-06,5204060,202877,1636,Aug,Aug 2023
413,Bitter Reality of Eating healthy Food | ft. @SathishDeepasd  | Dr Pal,2023-08-05,5741111,238046,2331,Aug,Aug 2023
414,"‚ÄúSurprise‚Äù guest at Hotel Accord, Chennai | Dr Pal",2023-08-04,2745458,120639,961,Aug,Aug 2023
415,Healthy food options for Kids in a mall | Dr Pal,2023-07-30,2174600,82776,725,Jul,Jul 2023
416,Reverse Banana Leaf method of eating | Dr Pal,2023-07-28,25744663,771278,5079,Jul,Jul 2023
417,"Medcom Show, Audience Speaks! | Dr Pal",2023-07-27,39081,453,83,Jul,Jul 2023
418,Biryani for Lunch | Pal,2023-07-25,12468438,397869,4705,Jul,Jul 2023
419,South Indian Wedding Breakfast Menu | Dr Pal,2023-07-23,3078339,123740,911,Jul,Jul 2023
420,Indian vs American Breakfast Buffet | Dr Pal,2023-07-21,5689204,175596,1155,Jul,Jul 2023
421,Is MAGGI your comfort food? | Dr Pal,2023-07-18,11112656,427929,2937,Jul,Jul 2023
422,5 Star Hotel Buffet | What I ate? | Dr Pal,2023-07-16,242660,3284,189,Jul,Jul 2023
423,Madurai Medcom show | Dr Pal,2023-07-15,137622,4527,60,Jul,Jul 2023
424,Rethinking Sports Drinks: Unmasking the Hidden Dangers | Dr Pal,2023-07-14,3550188,169937,1071,Jul,Jul 2023
425,Fasting concept at Burj Khalifa | Dr Pal,2023-07-11,495869,21954,271,Jul,Jul 2023
426,Tips to eat biryani | Dr Pal,2023-07-09,6544729,249368,1831,Jul,Jul 2023
427,Why GINGER is a MUST for your gut? | Dr Pal,2023-07-07,2118687,90742,801,Jul,Jul 2023
428,Funny Kid's Misconception About Idli | Dr Pal,2023-07-04,3039269,113228,581,Jul,Jul 2023
429,Medcom - New Genre at Boston | Dr Pal,2023-07-03,132724,2464,18,Jul,Jul 2023
430,Potato Chips - Ok to take? | Dr Pal,2023-07-02,384272,7027,312,Jul,Jul 2023
431,Can you burn fat by not exercising ? #NEAT |  Dr Pal,2023-07-01,639194,13298,476,Jul,Jul 2023
432,Idli: The South Indian Superfood for Everyday Health | Dr Pal,2023-06-30,7164715,252439,2112,Jun,Jun 2023
433,How beer can cause belly fat? | Dr Pal,2023-06-28,2006891,62467,819,Jun,Jun 2023
434,Dr. Pal's MEDCOM show: Engaging Kids in Health and Wellness at Rhode Island Event,2023-06-26,293288,10702,82,Jun,Jun 2023
435,Introducing 'Palaya Soru': India's Ancient Fermented Food Secret to Nutritionist Erin Skinner,2023-06-25,613019,21432,461,Jun,Jun 2023
436,Unraveling the Role of Cortisol in Belly Fat Accumulation: A Guide by Dr. Pal,2023-06-23,3068405,116821,764,Jun,Jun 2023
437,Dr. Pal's MEDCOM Show - Boston Stop | Dr Pal,2023-06-22,34131,398,43,Jun,Jun 2023
438,Add foods rich in IRON in your eating window | Dr Pal,2023-06-21,2110591,80373,603,Jun,Jun 2023
439,Our ‚Äúhospitality‚Äù putting us in hospital? | Dr Pal,2023-06-18,791776,37856,477,Jun,Jun 2023
440,Dr. PAL's Adventure Trek: Teaching Kids the Importance of Healthy Eating | Dr Pal,2023-06-17,18471,329,46,Jun,Jun 2023
441,My breakfast choices in a US based hotel | Dr Pal,2023-06-16,2333198,104686,1007,Jun,Jun 2023
442,Support differently abled kids | Vanna Malargal Foundation | Dr Pal,2023-06-15,86631,4688,65,Jun,Jun 2023
443,Why should every woman lift weights? | Dr Pal,2023-06-11,1209333,47589,417,Jun,Jun 2023
444,"Splenda, Stevia - BAD? | Dr Pal",2023-06-10,96834,1823,229,Jun,Jun 2023
445,Increasing heart attacks in young professionals? | Dr Pal,2023-06-08,4831405,206383,1777,Jun,Jun 2023
446,Can Ashwagandha Supplements Lead to a Liver Crisis? | Dr Pal,2023-06-07,210558,2698,303,Jun,Jun 2023
447,Tofu in your eating window #intermittentfasting | Dr Pal,2023-06-04,95881,1606,85,Jun,Jun 2023
448,The biggest MISTAKE while fasting | ft. Erin Skinner (Dietician Nutritonist) | Dr Pal,2023-06-03,45736,698,62,Jun,Jun 2023
449,Eating BEEF increases your risk of colon cancer? | Dr Pal,2023-06-02,2043002,73331,4124,Jun,Jun 2023
450,VAPING - an alternative to smoking ? | Dr Pal,2023-05-31,523976,23417,179,May,May 2023
451,Which OIL to use? | Dr Pal,2023-05-28,94473,1800,89,May,May 2023
452,How to prevent heart attacks? I ft. Dr. Arun Kalyanasundaram | Dr Pal,2023-05-27,40041,934,97,May,May 2023
453,Should you SOAK nuts in water? | Dr Pal,2023-05-26,5458138,221881,1806,May,May 2023
454,"Dr Pal‚Äôs MEDCOM show @ Tampa, Florida - June 4th | Dr Pal",2023-05-25,85158,2586,32,May,May 2023
455,Colon Cleanse/Enemas for Detox? | Dr Pal,2023-05-24,1089357,29322,361,May,May 2023
456,How alcohol can affect your liver ? | Dr Pal,2023-05-21,1570111,52488,669,May,May 2023
457,Top 4 hacks to burn INNER FAT to prevent heart attack | Dr Pal,2023-05-20,3316992,74737,1964,May,May 2023
458,Are FROZEN foods BAD?  | Dr Pal,2023-05-19,38216,959,59,May,May 2023
459,"A ""Natural"" supplement for thyroid disease | Dr Pal",2023-05-18,232893,4703,299,May,May 2023
460,Why should you take buttermilk every day? | Dr pal #weightloss | Dr Pal,2023-05-16,454465,10625,458,May,May 2023
461,Can you join me in the 30-day fitness challenge | Dr Pal,2023-05-15,242787,11473,429,May,May 2023
462,Are WALNUTS good to burn fat? | Dr Pal,2023-05-14,37001,877,31,May,May 2023
463,What FOODS to eat to prevent AUTOIMMUNE disease? | ft. Dr. Akil Palanisamy | Dr Pal,2023-05-13,122521,2429,268,May,May 2023
464,Blue light phone hack - How to burn fat?  - Tip # 1 | Dr Pal,2023-05-12,12218,347,18,May,May 2023
465,Eat THIS during your eating window | Dr Pal,2023-05-11,3725979,170668,2619,May,May 2023
466,Doctor Vandana Das stabbed to death by man in Kerala hospital | Dr Pal,2023-05-10,231140,6786,177,May,May 2023
467,Can Fasting cause hair loss? Tips to prevent Hair Loss | Dr Pal,2023-05-06,440113,10643,325,May,May 2023
468,Young kids fundraising challenge|  Dr Pal,2023-05-05,8429,227,16,May,May 2023
469,How caffeine ointment could prevent hair loss? | Dr Pal,2023-05-04,45346,717,35,May,May 2023
470,The best medication for hair loss ? | Dr Pal,2023-05-02,1396132,22544,626,May,May 2023
471,How to decrease Belly fat and your hair loss? | Dr Pal,2023-04-30,195956,5149,119,Apr,Apr 2023
472,What options I choose in a ‚Äúlunch‚Äù buffet #tamilnewyear | Dr Pal,2023-04-29,53331,786,97,Apr,Apr 2023
473,What food to eat to stop hair loss I Hair loss series Tip # 2 | Dr Pal,2023-04-25,180652,4630,100,Apr,Apr 2023
474,Sunrise to Sunset eating method & Hair loss | Preventing hair loss series - Tip # 1 | Dr Pal,2023-04-23,78011,2363,133,Apr,Apr 2023
475,Top 3 foods to DECREASE sugar spike for weight loss | Dr Pal,2023-04-22,726529,15315,1332,Apr,Apr 2023
476,Track competition for differently abled kids | Dr Pal,2023-04-20,7617,295,55,Apr,Apr 2023
477,Rice vs Chapathi? | Which is better in the fasting method  | Dr Pal,2023-04-17,237028,4669,177,Apr,Apr 2023
478,My ‚Äúfood‚Äù logs in our Vacation #Yosemite | Dr Pal,2023-04-15,44733,660,89,Apr,Apr 2023
479,2 minute walking method to decrease blood sugar | Dr Pal,2023-04-14,85721,1423,111,Apr,Apr 2023
480,My lunch plate | Dr Pal,2023-04-12,1387986,15840,774,Apr,Apr 2023
481,Medical practice is WRONG? | Dr Pal,2023-04-11,898047,60019,1186,Apr,Apr 2023
482,Hot water melting belly fat ? | Dr Pal,2023-04-09,244031,4791,99,Apr,Apr 2023
483,How much water to drink for weight loss? | Dr Pal,2023-04-08,687489,19438,820,Apr,Apr 2023
484,How much water to drink per day?  | Dr Pal,2023-04-07,112530,2666,115,Apr,Apr 2023
485,Is ‚Äú Vada‚Äù good? | #manickambrothers | Dr Pal,2023-04-05,1874391,79672,1237,Apr,Apr 2023
486,Which is the ‚Äúpreferred‚Äù meat ? | Dr Pal #redmeat #whitemeat #gutbacteria,2023-04-04,309779,5578,314,Apr,Apr 2023
487,Gummy bear - worth the risk ? | Dr Pal,2023-04-03,17656,312,71,Apr,Apr 2023
488,#1 Root cause of obesity I Dr Paletarian method | Dr Pal #gutbacteria,2023-04-02,591651,10972,533,Apr,Apr 2023
489,Veg vs Non veg - Which is better | ‚ÄúDr Paletarian‚Äù method | Dr Pal,2023-03-31,296705,7314,544,Mar,Mar 2023
490,Best Doctors Day Gift | Dr Pal,2023-03-30,141704,6350,114,Mar,Mar 2023
491,How to fast during festival days? | Dr Pal,2023-03-29,13047,332,52,Mar,Mar 2023
492,Why women should FAST differently than men? | Dr Pal,2023-03-26,1004261,29908,1657,Mar,Mar 2023
493,Is jaggery healthier? | Dr Pal,2023-03-24,642601,11401,410,Mar,Mar 2023
494,A simple tip to stop sugar/sweet cravings | Dr Pal,2023-03-21,3150165,140139,1468,Mar,Mar 2023
495,How to reverse blood pressure naturally? | Dr Pal,2023-03-19,863487,18720,1313,Mar,Mar 2023
496,H3N2 - Influenza strain - Do THIS first | Dr Pal,2023-03-16,52649,990,116,Mar,Mar 2023
497,Oreo can be as addictive as cocaine? | Dr Pal,2023-03-14,345965,17290,266,Mar,Mar 2023
498,Doctor vs patient - ChatGPT atrocities | Dr Pal,2023-03-12,207950,10287,147,Mar,Mar 2023
499,SCAM ALERT!  People are using these cheap tactics to get money. Please DO NOT FALL for this.,2023-03-11,145856,3996,73,Mar,Mar 2023
500,What really happens when you don't eat (Fasting)? | Dr Pal,2023-03-11,781728,20999,1555,Mar,Mar 2023
501,Why can‚Äôt we stop eating late at night? | Dr Pal,2023-03-10,786388,45464,452,Mar,Mar 2023
502,Hospital food - Change is happening! | Dr Pal,2023-03-09,763897,40188,251,Mar,Mar 2023
503,A simple way to prevent breast cancer | Dr Pal,2023-03-08,2048006,70423,330,Mar,Mar 2023
504,The ‚Äúunderrated‚Äù reason of heart attacks | Dr Pal,2023-03-04,972442,21041,1290,Mar,Mar 2023
505,Are Gulab Jamuns healthy ? | Dr Pal,2023-02-26,137260,5595,102,Feb,Feb 2023
506,Are NUTS good for you ? | Dr Pal,2023-02-24,1360962,67312,840,Feb,Feb 2023
507,Why PUMPKIN is a MUST? | Dr Pal,2023-02-22,1490005,64017,1460,Feb,Feb 2023
508,Why is your GUT called the second brain? | Dr Pal,2023-02-20,154954,6940,105,Feb,Feb 2023
509,Why lemon water can be a tool in fasting ? | Dr Pal,2023-02-18,303905,5721,475,Feb,Feb 2023
510,Can you lower blood sugar while sitting ? | Soleus push-ups | Dr Pal,2023-02-17,111391,996,75,Feb,Feb 2023
511,The ‚ÄúHEALTHY‚Äù snack that I got | Dr Pal,2023-02-13,4372879,180273,981,Feb,Feb 2023
512,Beer & Biryani ?  | Dr Pal,2023-02-12,387683,18041,302,Feb,Feb 2023
513,Milk Bikis biscuits healthy ? | Dr Pal,2023-02-10,489010,22303,280,Feb,Feb 2023
514,The most common mistake during walking | Dr Pal,2023-02-09,2246676,83223,328,Feb,Feb 2023
515,How alcohol can cause liver damage leading to bloody vomiting | Dr Pal,2023-02-08,130240,4930,61,Feb,Feb 2023
516,All things you should know about FASTING | Live in person event @Milwaukee | 12 Feb @ 12.30 pm,2023-02-06,8431,142,24,Feb,Feb 2023
517,Top 3 mistakes in reducing post-pregnancy weight | Dr Pal,2023-02-05,92713,948,53,Feb,Feb 2023
518,What can you drink to extend your fast ? | Dr Pal,2023-02-04,408713,8202,1123,Feb,Feb 2023
519,"Are you ""Skinny"" fat? | Dr Pal",2023-02-03,1118660,57153,368,Feb,Feb 2023
520,Can you change your dinner time ? | Dr Pal,2023-01-31,3085695,124127,936,Jan,Jan 2023
521,Why 10k steps per day is not for everyone ? | HIIT training | Dr Pal,2023-01-27,2110106,81821,682,Jan,Jan 2023
522,The most underrated tip for weight loss | Dr Pal,2023-01-24,219986,11647,135,Jan,Jan 2023
523,Why Vitamin D is important ? | How to get Vitamin D? | Dr Pal,2023-01-22,3570620,164846,1829,Jan,Jan 2023
524,Food INSIDE hospital - Hypocrisy? | Dr Pal,2023-01-20,706519,44967,1071,Jan,Jan 2023
525,The BIG problem with boxed fruit juices !! | Dr Pal,2023-01-17,579526,24605,249,Jan,Jan 2023
526,How to choose the best FASTING timing for YOUR weight loss? | Dr Pal,2023-01-14,274849,6038,669,Jan,Jan 2023
527,Tips to celebrate this Pongal | Dr Pal,2023-01-13,24511,725,93,Jan,Jan 2023
528,My son is teaching me MODERATION! | Dr Pal,2023-01-12,343931,17266,262,Jan,Jan 2023
529,Is EGG YOLK Harmful? | Dr Pal,2023-01-10,5088049,207619,1999,Jan,Jan 2023
530,Why MAGGI should be occasional? | Dr Pal,2023-01-08,3289481,135947,1221,Jan,Jan 2023
531,Are we ADDICTED to food? | Dr Pal,2023-01-06,117424,6850,65,Jan,Jan 2023
532,Food cravings - Solution ?  | Dr Pal,2023-01-03,369492,15030,92,Jan,Jan 2023
533,Can you stick to this simple new year resolution? | Dr Pal,2022-12-31,551722,24858,217,Dec,Dec 2022
534,"How to prevent obesity in kids? | ft. Dr. Meena, Pediatrician | Dr Pal",2022-12-30,13901,262,48,Dec,Dec 2022
535,The untold truth of OREO biscuit | Dr Pal,2022-12-29,9116176,402616,3458,Dec,Dec 2022
536,What does alcohol do to your liver? | Dr Pal,2022-12-27,790669,36915,455,Dec,Dec 2022
537,Santa ‚Äúmorning‚Äù Christmas ?  | Dr Pal,2022-12-26,75148,1761,No Data,Dec,Dec 2022
538,Diet Coke can cause Transgenerational problems? | Dr Pal,2022-12-25,104691,4162,127,Dec,Dec 2022
539,Intermittent fasting mistakes preventing weight loss | Dr Pal,2022-12-25,582110,9996,759,Dec,Dec 2022
540,Worst food products for KIDS #addedsugar | Dr Pal,2022-12-23,713247,36156,340,Dec,Dec 2022
541,China's COVID chaos - What to do NOW? | Covid Omicron Variant BF.7 | Dr Pal,2022-12-22,44910,726,132,Dec,Dec 2022
542,Idli vs Dosa - Which is better? | Dr Pal,2022-12-20,3230634,128478,1266,Dec,Dec 2022
543,White rice vs Brown rice | Dr Pal,2022-12-18,1750492,74621,810,Dec,Dec 2022
544,Is keto diet good? | Dr Pal,2022-12-16,112913,2029,293,Dec,Dec 2022
545,When should you get a colonoscopy? | Dr Pal,2022-12-13,377744,17673,No Data,Dec,Dec 2022
546,Why should you take left over rice (Pazhaya Soru) | Dr Pal,2022-12-11,873990,36674,488,Dec,Dec 2022
547,Myths of Indian cooking - debunked - ft. Krish Ashok | Dr Pal,2022-12-10,571462,8745,728,Dec,Dec 2022
548,Short cut to weight loss? | Dr Pal,2022-12-09,555744,25602,253,Dec,Dec 2022
549,Balanced plant based diet? #sappatuRaman|  Dr Pal,2022-12-08,433074,15696,192,Dec,Dec 2022
550,Kid swallowing battery| Dr Pal,2022-12-06,132103,9679,145,Dec,Dec 2022
551,Which foods should you buy organic ? #dirtydozen  | Dr Pal,2022-12-04,1451943,48317,371,Dec,Dec 2022
552,Vegetarian vs Non-vegetarian for weight loss? | Aswini S (Dietician) | Dr Pal,2022-12-03,26042,386,72,Dec,Dec 2022
553,Is green tea good for weight loss ? | Dr Pal,2022-12-02,1481702,67750,882,Dec,Dec 2022
554,How did we rescue Mr. Pitchai? | You can change his life ! | Dr Pal,2022-12-01,45014,1505,32,Dec,Dec 2022
555,Beware of buy one get one free offer! | Dr Pal,2022-11-29,919310,33672,414,Nov,Nov 2022
556,Oil vs ghee - Which is better and how much to take? | Dr Pal,2022-11-27,2068877,80349,808,Nov,Nov 2022
557,What is autoimmune myositis ? I How to prevent this ? #samantha,2022-11-25,927918,13846,1178,Nov,Nov 2022
558,Why is my job recession proof?  | Dr Pal,2022-11-24,2514937,98250,1148,Nov,Nov 2022
559,Is milk good or bad ? | Dr Pal,2022-11-22,3384892,142633,2655,Nov,Nov 2022
560,Extending my fasting window! | Dr Pal,2022-11-20,278226,13910,140,Nov,Nov 2022
561,How to handle stress eating? | Doctor‚Äôs weight loss journey series ft. Dr. Rajesh | Dr Pal,2022-11-19,41834,753,166,Nov,Nov 2022
562,Is LADDOO BAD? - Dr Pal rating | Dr Pal,2022-11-18,629489,19597,247,Nov,Nov 2022
563,Should we have to eat breakfast ? | Dr Pal,2022-11-17,2761821,128590,908,Nov,Nov 2022
564,Important tip when you do any physical activity | Dr Pal,2022-11-15,61199,3596,52,Nov,Nov 2022
565,How much alcohol can cause Liver damage? | Dr Pal,2022-11-13,518321,24325,313,Nov,Nov 2022
566,Can we still eat RICE for weight loss? - Interview with Dr. Kalpna Ramji | Dr Pal,2022-11-12,111164,1804,221,Nov,Nov 2022
567,How to make use of your own Insulin to the maximum ? | Dr Pal,2022-11-11,1522993,68925,676,Nov,Nov 2022
568,Prioritize your Food in your plate ! | Dr Pal,2022-11-10,178500,10155,104,Nov,Nov 2022
569,Introducing Vanna Malargal Foundation | Dr Pal,2022-11-08,126899,6163,101,Nov,Nov 2022
570,How late-night eating causes Belly fat and Obesity? | Dr Pal,2022-11-06,795639,38935,520,Nov,Nov 2022
571,How to find early signs of Autism? - Interview with Dr. Janani | Dr Pal,2022-11-05,9965,158,66,Nov,Nov 2022
572,Physician violence should stop ! | Dr Pal,2022-11-04,27571,980,25,Nov,Nov 2022
573,Eating ourselves to death? | Dr Pal,2022-11-01,242760,9947,83,Nov,Nov 2022
574,Halloween atrocities | Dr Pal,2022-11-01,28552,676,20,Nov,Nov 2022
575,How should we start our weight loss journey ? #zarnagarg | Dr Pal,2022-10-29,89878,1514,179,Oct,Oct 2022
576,How to reverse your fatty liver - Part 1 | Dr Pal,2022-10-28,1029866,36678,404,Oct,Oct 2022
577,Important Tip on intermittent fasting ! | Dr Pal,2022-10-23,1822532,91362,2134,Oct,Oct 2022
578,How to have a SWEET - SAFE Diwali ? | Dr Pal,2022-10-21,21522,826,118,Oct,Oct 2022
579,Elon musk lost 20 pounds through fasting? | Dr Pal,2022-10-20,15448,418,36,Oct,Oct 2022
580,Main Reason For Fatty Liver | Dr Pal,2022-10-18,19619,498,40,Oct,Oct 2022
581,Is HEALTH Care turning into a business? | Dr Pal,2022-10-16,10434,352,47,Oct,Oct 2022
582,The RIGHT way of intermittent fasting | Dr Pal,2022-10-13,43943,799,169,Oct,Oct 2022
583,Low carb diet #wifeatrocities | Dr Pal,2022-10-12,5140365,123826,790,Oct,Oct 2022
584,Welcome to our hotel ‚Äú Hospital‚Äù | #drgoogle atrocities | Dr Pal,2022-10-07,50661,2438,71,Oct,Oct 2022
585,How to DETOX your FATTY liver without medications? | Dr Pal,2022-10-06,1846174,34764,1229,Oct,Oct 2022
586,When should you drink coffee in the morning? | Dr Pal,2022-10-04,1552323,71288,752,Oct,Oct 2022
587,LAYS chips - should you stop with one? | Dr Pal,2022-10-03,2789714,127980,828,Oct,Oct 2022
588,What happens if you GOOGLE your symptoms ? | Dr Pal,2022-09-30,2528369,117582,No Data,Sep,Sep 2022
589,Beginner at-home exercises demo | ft. Mr Sesha Naidu Personal trainer | Dr Pal,2022-09-29,35434,755,48,Sep,Sep 2022
590,Can you do this Navratri challenge ? | Dr Pal,2022-09-27,82902,3034,75,Sep,Sep 2022
591,Time to DECREASE your belly fat NOW| Dr Pal,2022-09-25,2036296,89726,973,Sep,Sep 2022
592,How to eat BIRYANI healthily ? | Dr Pal,2022-09-23,202367,5547,522,Sep,Sep 2022
593,What is wrong with LITTLE HEART biscuits?,2022-09-21,1338851,48074,342,Sep,Sep 2022
594,Is it good to drink water before eating?,2022-09-18,1270569,51249,1475,Sep,Sep 2022
595,Simple foods for weight loss? - Interview with ft. Sujatha (Dietician) | Dr Pal,2022-09-15,237709,3513,347,Sep,Sep 2022
596,FASTING prevents memory loss ? #dementia,2022-09-11,506394,17628,172,Sep,Sep 2022
597,What is your ‚Äú Once in a while? ‚Äú,2022-09-10,62595,3066,153,Sep,Sep 2022
598,Simple cure for PCOS - Interview with Ft. Dr. Ramya Ponnuswamy (OBGYN) | Dr Pal,2022-09-08,53891,1102,103,Sep,Sep 2022
599,Side effect of sunrise to sunset eating method | Dr Pal,2022-09-06,235910,9424,136,Sep,Sep 2022
600,WEIGHT LOSS - Hitting a plateau?  - Live Q & A I My fat loss update.,2022-09-04,27231,562,102,Sep,Sep 2022
601,‚Äú I am glad I am a vegetarian‚Äù- ft. HARISH UTTHAMAN (Actor) | Dr Pal,2022-09-01,68391,1390,157,Sep,Sep 2022
602,Have a healthy Chaturthi #ganeshchaturthi | Dr Pal,2022-08-31,160612,7547,103,Aug,Aug 2022
603,How to burn fat for free? | Dr Pal,2022-08-27,1147845,45751,467,Aug,Aug 2022
604,How to lower our STRESS level? | Dr Pal,2022-08-25,80084,3226,213,Aug,Aug 2022
605,Day 7/7 - How to make FASTING easy! | 777 Challenge,2022-08-21,139680,5617,105,Aug,Aug 2022
606,Day 6/7 - How to prevent diabetes? | 777 Challenge,2022-08-20,231731,9349,130,Aug,Aug 2022
607,Day 5/7 - How long will it take to lose weight? | 777 Challenge,2022-08-19,117507,4781,67,Aug,Aug 2022
608,Day 4/7 - Best time to party during fasting? | 777 Challenge,2022-08-18,535104,24519,296,Aug,Aug 2022
609,Day 3/7 - What to eat after fasting? | 777 Challenge,2022-08-17,539409,21468,270,Aug,Aug 2022
610,Day 2/7 - How to control hunger at night? | 777 Challenge,2022-08-16,198934,9309,176,Aug,Aug 2022
611,Day 1/7 - When can you have a large meal ? I 777 challenge,2022-08-15,154998,7032,126,Aug,Aug 2022
612,Join me in the 7-day fasting challenge - Water Satya Graha,2022-08-14,131359,7364,364,Aug,Aug 2022
613,Which is the BEST method of walking?,2022-08-11,106000,5170,64,Aug,Aug 2022
614,What causes Silent heart attack? #legendmovie,2022-08-07,45824,1316,28,Aug,Aug 2022
615,Challenges during my fat loss journey | Dr Pal,2022-08-04,20685,448,62,Aug,Aug 2022
616,Is WALKING a good exercise ?,2022-07-31,2853643,100247,1002,Jul,Jul 2022
617,Can you do this simple fitness test?,2022-07-25,1136865,49270,726,Jul,Jul 2022
618,"Should WOMEN lift weights? - ft. Aparna, Fitness Trainer | Dr Pal",2022-07-21,26372,548,56,Jul,Jul 2022
619,My meditation experience!,2022-07-18,505004,22829,230,Jul,Jul 2022
620,Intermittent fasting in media? I Dhoni mimicry - ft. Badava Gopi (Actor),2022-07-14,29694,632,106,Jul,Jul 2022
621,Workout is needed ONLY 20% for weight loss,2022-07-11,360740,16408,168,Jul,Jul 2022
622,4 TIPS to IMPROVE your mental health and Lose weight | Dr Pal,2022-07-09,233038,7513,856,Jul,Jul 2022
623,The BEST food for your GUT? - ft. Dr. Ajitha Porkodi | Part 2 #Allopathy VS Siddha,2022-07-05,41146,786,168,Jul,Jul 2022
624,Allopathy vs Siddha - Which is better ? - ft. Dr. Ajitha Porkodi | Part 1 #Integratedmedicine,2022-06-30,44723,1040,190,Jun,Jun 2022
625,Dr Pal‚Äôs ‚Äú LUNCH BOX ‚Äú - a weight loss tool!,2022-06-27,366413,15242,202,Jun,Jun 2022
626,Weight loss journey - Tips & Tricks - ft. Dr Anusha Karrthik (Ophthalmologist) | Dr Pal,2022-06-23,177656,2606,252,Jun,Jun 2022
627,Kid ‚Äúmapper‚Äù ;),2022-06-18,23376,804,23,Jun,Jun 2022
628,Simple step to PREVENT Diabetes | Dr Pal,2022-06-16,738743,15680,872,Jun,Jun 2022
629,I got COVID - Lessons learned #fourthwave,2022-06-10,48203,855,227,Jun,Jun 2022
630,Inspiring effort to lose weight from Harrish,2022-06-07,13835,327,53,Jun,Jun 2022
631,‚ÄúSunrise to sunset ‚Äú method works !,2022-06-02,35047,1269,22,Jun,Jun 2022
632,5 steps to get STARTED with intermittent fasting for weight loss | Dr Pal,2022-05-20,1586896,41404,2281,May,May 2022
633,Weight Loss journey -  ft. Mr. Sastry Malladi (Youtube family member) | Dr Pal,2022-05-17,35124,634,122,May,May 2022
634,How to do Intermittent fasting effectively? Live Q & A I Sharing my progress as well.,2022-05-08,70429,1356,195,May,May 2022
635,How much PROTEIN do you need for weight loss?,2022-05-05,1232029,32304,1899,May,May 2022
636,Real world example of time restricted feeding - You can do this !,2022-05-01,43014,1459,48,May,May 2022
637,Let's support to make Deepika walk #Aishwaryamtrust,2022-04-30,8162,162,5,Apr,Apr 2022
638,Drinking water system installed in Aishwaryam Trust - THANK YOU!,2022-04-27,1875,43,5,Apr,Apr 2022
639,What is a good way to break the fast? | Dr Pal,2022-04-26,20427,352,40,Apr,Apr 2022
640,Increasing COVID cases - How to protect yourself from 4th wave? | Dr Pal,2022-04-22,30834,619,119,Apr,Apr 2022
641,Mahavir Jayanthi celebration at Aishwaryam trust,2022-04-16,10693,245,2,Apr,Apr 2022
642,What/ When to eat during night shift work? Ft. Varsha Easwaran ( Dietician),2022-04-14,43789,1188,124,Apr,Apr 2022
643,‚ÄúPractical‚Äù examples of food choices - Week 4 #fat2fit #losebellywithdrpal,2022-04-10,49744,709,60,Apr,Apr 2022
644,When should you go to sleep,2022-04-08,513434,26417,450,Apr,Apr 2022
645,New COVID XE variant - should we be concerned?,2022-04-05,26707,736,43,Apr,Apr 2022
646,My CHEAT MEAL - Week 3 #fat2fit #losebellywithdrpal,2022-04-04,21415,334,54,Apr,Apr 2022
647,How SLEEP helps you to lose weight?| 12 sleeping tips | Dr Pal,2022-04-01,95049,2330,198,Apr,Apr 2022
648,How practical is FASTING during weekends? | Dr Pal,2022-03-31,24761,401,26,Mar,Mar 2022
649,How to follow IF during late night parties?,2022-03-29,28204,899,38,Mar,Mar 2022
650,My fat loss journey update  - Week 2 #fat2fit #losebellywithdrpal,2022-03-28,29336,445,161,Mar,Mar 2022
651,What to EAT after fasting?  #ramadan I How fasting can prevent cancer? | Dr Pal,2022-03-24,567839,26434,1471,Mar,Mar 2022
652,The Wake Up Call | Aishwaryam Trust,2022-03-22,15435,389,21,Mar,Mar 2022
653,WHAT to eat during eating window to keep yourself full? - ft. Ms. Varsha (Dietician) | Dr Pal,2022-03-20,452728,7609,1038,Mar,Mar 2022
654,"""My Plan‚Äù for reducing body/belly fat - #losebellywithdrpal",2022-03-17,94359,1872,184,Mar,Mar 2022
655,Our Deepika is slowly walking again ! #aishwaryamtrust,2022-03-14,3980,85,12,Mar,Mar 2022
656,5 steps to get GOOD gut bacteria for weight loss | Dr Pal,2022-03-10,1272291,27998,1541,Mar,Mar 2022
657,MacDonalds can STOP the war!,2022-03-09,57203,2020,129,Mar,Mar 2022
658,Shane Warne heart attack - Lessons to be learned | Dr Pal,2022-03-05,106335,1824,192,Mar,Mar 2022
659,Antibiotics KILLS #gutbacteria,2022-03-04,643424,33163,429,Mar,Mar 2022
660,How to manage hunger in Time restricted eating method? | Dr Pal,2022-03-03,66978,1071,108,Mar,Mar 2022
661,Microsoft CEO Satya Nadella is a wonderful parent  #Cerebral Palsy - Tips for prevention,2022-03-02,700053,28235,303,Mar,Mar 2022
662,How to follow time restricted feeding to fight diabetes and obesity? ‚Äú - Ft. Dr. Satchin Panda,2022-02-26,168514,3101,284,Feb,Feb 2022
663,"Sleep More, Burn More",2022-02-24,729308,29515,234,Feb,Feb 2022
664,WHEN to BREAK-FAST for maximum weight loss? #losebellywithdrpal | Dr Pal,2022-02-18,3097639,56646,3832,Feb,Feb 2022
665,How to Lose STUBBORN belly fat ?  - Episode 1 | #Losebellywithdrpal challenge | Dr Pal,2022-02-12,1709773,31862,1269,Feb,Feb 2022
666,Diet soda is a misnomer,2022-02-07,58643,1487,73,Feb,Feb 2022
667,10th anniversary spl message #doctormovie #shorts,2022-01-30,299212,8605,458,Jan,Jan 2022
668,NeoCov virus - Is it Deadly ?,2022-01-29,94735,2842,368,Jan,Jan 2022
669,Who spreads the virus MORE?,2022-01-28,16433,405,162,Jan,Jan 2022
670,Meet our family member DEEPIKA #aishwaryam trust,2022-01-27,16869,256,10,Jan,Jan 2022
671,COVID-19 causing diabetes in kids?,2022-01-26,34946,745,40,Jan,Jan 2022
672,DELTACRON - COVID variant - Is this REAL ?,2022-01-24,42655,1147,101,Jan,Jan 2022
673,Mr. Kandhasamy - patient experience | AISHWARYAM TRUST,2022-01-19,9159,320,18,Jan,Jan 2022
674,"Is OMICRON really ""MILD"" ? - ft. Dr. Subramanian (Inf disease, Global hospitals, Chennai)",2022-01-16,53272,720,133,Jan,Jan 2022
675,The Do‚Äôs and Don'ts if you test positive for COVID #Omicron # third wave,2022-01-15,120967,2601,491,Jan,Jan 2022
676,When will this PANDEMIC end? #OMICRON,2022-01-12,42457,1137,247,Jan,Jan 2022
677,""" OMICRON - starting of the end of pandemic? "" - ft. Dr. Neha - Infectious disease specialist",2022-01-09,36867,511,136,Jan,Jan 2022
678,250k subscribers celebration at Aishwaryam Trust  - Thank YOU!,2022-01-07,17836,576,125,Jan,Jan 2022
679,IHU variant | When to get admitted I Booster dose  #OMICRON,2022-01-06,130602,2268,531,Jan,Jan 2022
680,Cloth mask OK for omicron?,2022-01-04,47958,973,92,Jan,Jan 2022
681,TIME to LOSE your BELLY FAT - Do THIS homework,2022-01-02,67206,1990,456,Jan,Jan 2022
682,INTERMITTENT FASTING - Practically possible? - ft. Chef Mr. Venkatesh Bhat (Tamil) | Dr Pal,2022-01-01,698050,13178,1563,Jan,Jan 2022
683,GUT BACTERIA - How to USE this to lose weight? | Dr Pal,2021-12-25,142168,3287,436,Dec,Dec 2021
684,Doctors Suicide,2021-12-22,32500,841,27,Dec,Dec 2021
685,Omicron in Kids - Will vaccine work? - ft. Dr. Kono (Peds),2021-12-18,13566,200,81,Dec,Dec 2021
686,Will Vaccine work against omicron ? - English,2021-12-17,28760,942,100,Dec,Dec 2021
687,"‚Äú Is booster necessary? If so, which one ? ‚Äú - Live Q & A",2021-12-12,14293,283,86,Dec,Dec 2021
688,Fatty Liver - Do NOT Ignore | Dr Pal,2021-12-10,925919,21716,1095,Dec,Dec 2021
689,Omicron in India - How to prevent the third wave?,2021-12-03,59313,1911,545,Dec,Dec 2021
690,Important travel tip on flights #omicron,2021-12-02,60130,1415,111,Dec,Dec 2021
691,OMICRON - Time to get your  BOOSTER dose NOW,2021-11-30,26576,622,98,Nov,Nov 2021
692,NEW COVID variant  - Do NOT panic ( OMICRON from South Africa ),2021-11-27,98830,2583,235,Nov,Nov 2021
693,Covid vaccine in kids causing autism ?,2021-11-20,31828,625,94,Nov,Nov 2021
694,Webinar on obesity - @ THE HINDU | Dr Pal,2021-11-17,13036,243,92,Nov,Nov 2021
695,Interview with A.R. Murugadoss on COVID status in Tamil cinema industry,2021-11-14,19846,457,106,Nov,Nov 2021
696,Live on-street COVID vaccination,2021-11-08,21341,527,66,Nov,Nov 2021
697,"""NEW"" Vaccine for obesity ? - The REAL pandemic",2021-11-05,25693,861,80,Nov,Nov 2021
698,Diwali challenge for my YouTube family,2021-10-31,67871,3342,300,Oct,Oct 2021
699,Puneet Rajkumar‚Äôs death - Absolute nonsense argument,2021-10-30,425976,16831,296,Oct,Oct 2021
700,‚Äú Unbelievable ‚Äú New weight loss device,2021-10-25,60014,1717,181,Oct,Oct 2021
701,US should learn from India‚Äôs COVID-19 vaccination drive - fr. Dr. Prabhu Shankar IAS,2021-10-23,23949,458,158,Oct,Oct 2021
702,My RATING at home!,2021-10-21,64532,1341,147,Oct,Oct 2021
703,COVID Vaccine & Mental Health in children I Pediatrics panel discussion,2021-10-19,12340,216,67,Oct,Oct 2021
704,Molnupiravir - A New Tablet for COVID-19. Game changer?,2021-10-17,29040,851,134,Oct,Oct 2021
705,‚Äú Weight loss surgeries work ? ‚Äú - ft. Dr. Praveen Raj (Bariatric Surgeon) | Dr Pal,2021-10-12,33874,757,187,Oct,Oct 2021
706,Should YOU get a booster dose?,2021-10-10,18677,441,57,Oct,Oct 2021
707,When ‚Äú Dr. Google‚Äù is right ?,2021-10-08,28199,1120,229,Oct,Oct 2021
708,"If you have a kid, you need to get vaccinated #shorts",2021-10-05,1309257,49527,774,Oct,Oct 2021
709,What will happen if we get Corona virus? #shorts,2021-10-03,65942,1103,74,Oct,Oct 2021
710,OILS  - How much should we use ? I ft. Sri Sakthi ( Dietician) | Dr Pal,2021-10-01,173356,3307,642,Oct,Oct 2021
711,Side effects after my booster dose - Tips from my experience #shorts,2021-09-29,85101,2379,230,Sep,Sep 2021
712,Reason that you can‚Äôt lose weight  ?  - Live Q & A,2021-09-26,24263,642,237,Sep,Sep 2021
713,How ARTIFICIAL SWEETENERS cause BELLY FAT ? | Dr Pal,2021-09-25,30666,1217,434,Sep,Sep 2021
714,When will the pandemic END? I Ft. Dr. Sathyanaryanan ( COVID unit director ),2021-09-22,59176,910,371,Sep,Sep 2021
715,‚ÄúShould you eat on time or only when you are hungry? ‚Äú I Little kids asking Big Questions,2021-09-19,20001,503,68,Sep,Sep 2021
716,My WORK from HOME :),2021-09-18,273735,8615,No Data,Sep,Sep 2021
717,A simple TIP for better SLEEP | Blue light damage | Dr Pal,2021-09-12,77821,2508,479,Sep,Sep 2021
718,Time for COVID-19 vaccine BOOSTER ?  I US Hospitals in CRISIS,2021-08-27,70208,1286,418,Aug,Aug 2021
719,TIMING the fasting to REVERSE diabetes? ft. Dr. Julie Shatzel (my doctor) - Part 2 | Dr Pal,2021-08-21,84499,1732,397,Aug,Aug 2021
720,How to TIME intermittent fasting for max results?- ft. Dr. Julie Shatzel (My doctor) - Part 1,2021-08-18,154252,3010,554,Aug,Aug 2021
721,TIPS for a SECRET method for weight loss ( long term ),2021-08-13,1193539,25791,3274,Aug,Aug 2021
722,Short cut to LOSING belly fat ? #shorts,2021-08-12,85056,2946,101,Aug,Aug 2021
723,100th video I Special message I Arjun Manickam  #onebellyatatime #shorts,2021-08-10,83902,2223,111,Aug,Aug 2021
724,How long does it take to lose belly fat ? - Live Q & As,2021-08-08,80350,1877,554,Aug,Aug 2021
725,SNORING - How to stop ? - ft. Dr. Parimal Bharucha ( Lung specialist),2021-08-07,38748,897,162,Aug,Aug 2021
726,COVID-19 and KIDS: Can you send your kids to school ? ft. Dr. Ambika Chidambaram,2021-08-03,157789,1335,277,Aug,Aug 2021
727,Third wave in India? and all vaccination questions answered.,2021-08-01,18138,432,94,Aug,Aug 2021
728,DELTA variant - Do YOU need a BOOSTER dose ? I Can you MIX vaccines ?,2021-07-31,42010,1033,446,Jul,Jul 2021
729,Bleeding stomach ulcer ( My on call experience ) #vlog,2021-07-26,38262,1655,413,Jul,Jul 2021
730,How to lose belly fat NATURALLY without complex dieting | DAWN - DUSK method to BURN fat,2021-07-21,3190332,92758,16167,Jul,Jul 2021
731,Vaccine side effect | Long term neurological complication Interview with Neurologist,2021-07-16,45790,689,191,Jul,Jul 2021
732,‚Äú WEAK LEGS‚Äù - side effect of vaccine ? l GBS with J & J vaccine,2021-07-15,36505,796,309,Jul,Jul 2021
733,DON‚ÄôT WAIT for SPUTNIK vaccine!,2021-07-11,118870,2261,705,Jul,Jul 2021
734,Are vaccines effective for the new LAMBDA variant ?,2021-07-08,70511,1428,382,Jul,Jul 2021
735,Remove or Not to remove ?I CDC vs WHO Mask debate,2021-07-07,31450,937,269,Jul,Jul 2021
736,THANK YOU for 150k subs | Meet the ‚ÄúAishwaryam Trust‚Äù Family,2021-07-03,471731,14007,1964,Jul,Jul 2021
737,Vaccines causing Myocarditis I Why I might NOT completely VACCINATE ?,2021-07-02,120803,1786,613,Jul,Jul 2021
738,Increasing Delta variant in US I DELTA PLUS and others in future? I Are vaccines effective ?,2021-06-25,164254,4708,1286,Jun,Jun 2021
739,COVAXIN Controversy I When can you MIX vaccines?,2021-06-23,194077,4331,807,Jun,Jun 2021
740,What can YOU DO to protect your children from THIRD wave ?,2021-06-20,188309,4024,787,Jun,Jun 2021
741,Vaccine is turning people a powerful MAGNET ?,2021-06-18,36798,1127,280,Jun,Jun 2021
742,My webinar experience - #shorts,2021-06-14,50291,1689,115,Jun,Jun 2021
743,Heart attacks after vaccineI Death  within 2 years of vaccination?,2021-06-12,116601,2256,563,Jun,Jun 2021
744,"‡Æö‡Æ∞‡Øç‡Æï‡Øç‡Æï‡Æ∞‡Øà ‡Æ®‡Øã‡ÆØ‡Øç, BP ‡Æá‡Æ∞‡ØÅ‡Æ®‡Øç‡Æ§‡Ææ‡Æ≤‡Øç, ‡Æ®‡ØÄ‡Æô‡Øç‡Æï‡Æ≥‡Øç ‡Æ§‡Æü‡ØÅ‡Æ™‡Øç‡Æ™‡ØÇ‡Æö‡Æø ‡Æé‡Æü‡ØÅ‡Æï‡Øç‡Æï‡Æ≤‡Ææ‡ÆÆ‡Ææ? I Vaccine in other medical conditions?",2021-06-08,27714,1015,245,Jun,Jun 2021
745,I DON‚ÄôT want  my son to BECOME a DOCTOR now.,2021-06-07,84982,2497,428,Jun,Jun 2021
746,‡Æ§‡Æü‡ØÅ‡Æ™‡Øç‡Æ™‡ØÇ‡Æö‡Æø‡Æï‡Øç‡Æï‡ØÅ ‡Æ™‡Æø‡Æ©‡Øç ‡Æá‡Æ®‡Øç‡Æ§ ‡ÆÆ‡Æ∞‡ØÅ‡Æ®‡Øç‡Æ§‡Øà ‡Æé‡Æü‡ØÅ‡Æï‡Øç‡Æï ‡Æµ‡Øá‡Æ£‡Øç‡Æü‡Ææ‡ÆÆ‡Øç l Most common side effect (  Eng subtitles),2021-06-05,62333,1718,368,Jun,Jun 2021
747,‡Æï‡Øä‡Æ∞‡Øã‡Æ©‡Ææ ‡Æ§‡Æü‡ØÅ‡Æ™‡Øç‡Æ™‡ØÇ‡Æö‡Æø ‡Æ™‡Ææ‡Æ§‡ØÅ‡Æï‡Ææ‡Æ™‡Øç‡Æ™‡Ææ‡Æ©‡Æ§‡Ææ? I Long term complications of vaccine? ( Tamil),2021-06-02,27154,790,238,Jun,Jun 2021
748,Is vaccine SAFE if you have ALLERGIES?,2021-06-01,30710,748,250,Jun,Jun 2021
749,‡Æï‡Øä‡Æ∞‡Øã‡Æ©‡Ææ ‡Æ§‡Æü‡ØÅ‡Æ™‡Øç‡Æ™‡ØÇ‡Æö‡Æø‡ÆØ‡Ææ‡Æ≤‡Øç ‡ÆÆ‡Æ≤‡Æü‡Øç‡Æü‡ØÅ‡Æ§‡Øç‡Æ§‡Æ©‡Øç‡ÆÆ‡Øà ‡Æè‡Æ±‡Øç‡Æ™‡Æü‡ØÅ‡ÆÆ‡Ææ? Vaccine Myths (Tamil),2021-05-31,31816,757,236,May,May 2021
750,A WhatsApp forward killed my patient - I need YOUR help!,2021-05-29,96002,2278,671,May,May 2021
751,WHAT TO EAT if COVID positive l Tips for faster Post COVID Recovery,2021-05-25,67653,2019,430,May,May 2021
752,HOW to PREVENT hospitalization - Every COVID patient Must Know THIS,2021-05-20,134916,3693,488,May,May 2021
753,Is IVERMECTIN useful ? - Honest discussion - Dr. Neha - ID specialist,2021-05-16,32344,637,288,May,May 2021
754,Long term COVID complications? - Live Q&A  infectious disease specialist ‚Äì Dr. Neha,2021-05-16,19648,372,57,May,May 2021
755,OXYGEN levels -How To Interpret? -Infectious disease specialist - Dr. Neha,2021-05-14,32924,619,106,May,May 2021
756,WHICH mask should you ACTUALLY wear and WHY? Interview with Pulmonologist Dr. Parimal Bharucha.,2021-05-13,38048,852,137,May,May 2021
757,Why we need complete lockdown NOW,2021-05-08,45141,1117,273,May,May 2021
758,‚Äú REMDESIVIR does NOT work for All ‚Äú Dr. Neha  - Infectious disease -Day 7/7,2021-05-07,20468,470,128,May,May 2021
759,‡Æ∞‡ØÜ‡ÆÆ‡Øç‡Æü‡ØÜ‡Æö‡Æø‡Æµ‡Æø‡Æ∞‡Øç - ‡Æ®‡ØÄ‡Æô‡Øç‡Æï ‡Æ®‡Æ≤‡Øç‡Æ≤‡Æµ‡Æ∞‡Ææ?  ‡Æï‡ØÜ‡Æü‡Øç‡Æü‡Æµ‡Æ∞‡Ææ? - Does REMDESIVIR work? ( Tamil),2021-05-06,26093,950,174,May,May 2021
760,COVID infection after COVID vaccine?  - Live Q & A - Day 6/7 #askdocpal,2021-05-06,10541,216,40,May,May 2021
761,‡Æü‡Ææ‡Æï‡Øç‡Æü‡Æ∞‡Øç ‡ÆÖ‡Æ∞‡ØÅ‡Æ£‡Øç‡Æï‡ØÅ‡ÆÆ‡Ææ‡Æ∞‡Øç ‡Æ®‡Øá‡Æ∞‡Øç‡Æï‡Ææ‡Æ£‡Æ≤‡Øç - ‡Æï‡Øä‡Æ∞‡Øã‡Æ©‡Ææ ‡Æö‡Æø‡Æï‡Æø‡Æö‡Øç‡Æö‡Øà - ‡Æá‡Æ®‡Øç‡Æ§‡Æø‡ÆØ‡Ææ vs ‡ÆÖ‡ÆÆ‡ØÜ‡Æ∞‡Æø‡Æï‡Øç‡Æï‡Ææ ‡Æí‡Æ™‡Øç‡Æ™‡ØÄ‡Æü‡ØÅ (Tamil),2021-05-05,26017,745,128,May,May 2021
762,"O2concentrator, Prone ventilation, CRP, REMDESIVIR - Q&A with pulmonologist  Dr. Bharucha - Day 5/7",2021-05-05,13954,269,58,May,May 2021
763,Will the current vaccines COVER B1.617 - so-called Indian variant? - Live Q & A - Day 4/7#askdocpal,2021-05-04,21758,301,83,May,May 2021
764,Food habits after vaccination - Live Q & A - Day 3/7. #askdocpal,2021-05-03,11832,272,113,May,May 2021
765,Oxygen concentrators - Is it useful? - Live Q & A session - Day 2/7 (Tamil) #askdocpal,2021-05-02,12692,258,85,May,May 2021
766,What to do at home if you are COVID positive ?,2021-05-01,100047,2521,472,May,May 2021
767,Things to be done NOW  -Live Q & A session - Day 1/7 (English) #askdocpal,2021-05-01,13539,305,140,May,May 2021
768,Live Q & A series - ‚Äú Not to be Panicked - but Prepared ‚Äú - May 1st Saturday - Day 1/7.,2021-04-29,18955,502,127,Apr,Apr 2021
769,""" COVID SURGE IN INDIA - 3 things that you SHOULD DO NOW"" - Live Q & A",2021-04-25,62661,1264,402,Apr,Apr 2021
770,The WEIGHT LOSS method that WORKED for ME.,2021-04-21,3062475,77959,5954,Apr,Apr 2021
771,Vaccine causing heart attack? / GI issues with COVID - Live Q & A,2021-04-18,32511,664,237,Apr,Apr 2021
772,Actor Vivek heart attack| ‡Æï‡Øä‡Æ∞‡Øã‡Æ©‡Ææ ‡Æ§‡Æü‡ØÅ‡Æ™‡Øç‡Æ™‡ØÇ‡Æö‡Æø ‡Æï‡Ææ‡Æ∞‡Æ£‡ÆÆ‡Ææ? - ( Tamil version )| COVID-19,2021-04-17,259005,4840,973,Apr,Apr 2021
773,Will I TAKE Johnson & Johnson vaccine with the BLOOD CLOT report ?| COVID-19,2021-04-14,117295,1885,494,Apr,Apr 2021
774,Neurological complications of COVID-19 - Discussing a case that I was involved in - Live Q & A,2021-04-11,40692,761,312,Apr,Apr 2021
775,Alcohol/Liver problems during COVID-19  and vaccine side effects discussion - Live Q & A,2021-04-04,15359,429,188,Apr,Apr 2021
776,Which vaccine is BETTER for YOU ? | Pfizer | Moderna | J & J | COVID-19,2021-04-01,513192,8633,1883,Apr,Apr 2021
777,‡Æï‡Øä‡Æ∞‡Øã‡Æ©‡Ææ ‡Æ§‡Æü‡ØÅ‡Æ™‡Øç‡Æ™‡ØÇ‡Æö‡Æø - ‡Æé‡Æ§‡ØÅ ‡Æö‡Æø‡Æ±‡Æ®‡Øç‡Æ§‡Æ§‡ØÅ? | COVISHIELD vs COVAXIN  | Tamil version,2021-03-29,900194,24805,2347,Mar,Mar 2021
778,‡Æ§‡Æü‡ØÅ‡Æ™‡Øç‡Æ™‡ØÇ‡Æö‡Æø ‡Æï‡ØÅ‡Æ±‡Æø‡Æ§‡Øç‡Æ§‡ØÅ ‡Æ§‡ÆÆ‡Æø‡Æ¥‡Æø‡Æ≤‡Øç ‡Æ®‡Øá‡Æ∞‡Æü‡Æø ‡Æï‡Øá‡Æ≥‡Øç‡Æµ‡Æø-‡Æ™‡Æ§‡Æø‡Æ≤‡Øç - ( Tamil version),2021-03-28,24555,741,229,Mar,Mar 2021
779,Deaths after COVID-19 vaccination - Why it might not be the vaccine?,2021-03-22,467635,5101,1744,Mar,Mar 2021
780,How to stick to eating/fasting window - #fasting - Check in with Dr. Pal,2021-03-21,180638,3411,762,Mar,Mar 2021
781,COVISHIELD vs COVAXIN in India - Which vaccine is BETTER for you?,2021-03-19,315191,7665,1192,Mar,Mar 2021
782,can you get COVID after vaccination ? - Live Q & A #Askdocpal,2021-03-14,14881,365,174,Mar,Mar 2021
783,‡Æï‡Øä‡Æ∞‡Øã‡Æ©‡Ææ ‡Æ§‡Æü‡ØÅ‡Æ™‡Øç‡Æ™‡ØÇ‡Æö‡Æø‡ÆØ‡Æø‡Æ©‡Øç ‡Æ™‡Æï‡Øç‡Æï ‡Æµ‡Æø‡Æ≥‡Øà‡Æµ‡ØÅ‡Æï‡Æ≥‡ØÅ‡Æï‡Øç‡Æï‡ØÅ ‡Æ§‡ØÄ‡Æ∞‡Øç‡Æµ‡ØÅ‡Æï‡Æ≥‡Øç,2021-03-11,32410,1086,297,Mar,Mar 2021
784,BLEEDING - side effect of covid vaccine ? #bloodthinners,2021-03-07,174502,1549,366,Mar,Mar 2021
785,When can you get COVID vaccination after COVID infection? & other questions -  Live Q&A,2021-03-06,25123,635,263,Mar,Mar 2021
786,""" ‡Æï‡Øä‡Æ∞‡Øã‡Æ©‡Ææ ‡Æ§‡Æü‡ØÅ‡Æ™‡Øç‡Æ™‡ØÇ‡Æö‡Æø ‡ÆØ‡Ææ‡Æ∞‡Øç ‡Æé‡Æü‡ØÅ‡Æï‡Øç‡Æï‡Æï‡Øç‡Æï‡ØÇ‡Æü‡Ææ‡Æ§‡ØÅ ? "" ( Tamil version)",2021-03-03,223936,4945,1434,Mar,Mar 2021
787,ALLERGY & COVID vaccine safety,2021-03-02,148834,2753,1337,Mar,Mar 2021
788,Second wave? NEW COVID strain in India | COVISHIELD vs COVAXIN?,2021-02-26,94909,1883,685,Feb,Feb 2021
789,"""WHEN"" you eat matters more than WHAT you eat! #weightloss",2021-02-24,663919,19528,3805,Feb,Feb 2021
790,"Pregnancy, kids, blood thinners, single dose efficacy and other FAQ's - Live Q&A session",2021-02-21,19743,507,310,Feb,Feb 2021
791,Nasal Covid-19 vaccine - Game changer?,2021-02-17,106094,2288,435,Feb,Feb 2021
792,‡Æï‡Øä‡Æ∞‡Øã‡Æ©‡Ææ ‡Æ§‡Æü‡ØÅ‡Æ™‡Øç‡Æ™‡ØÇ‡Æö‡Æø  ‡Æï‡Æü‡Øç‡Æü‡ØÅ‡Æï‡Øç‡Æï‡Æ§‡Øà‡Æï‡Æ≥‡Øç  ( Tamil ),2021-02-12,39205,905,300,Feb,Feb 2021
793,New Covid-19 vaccine - ‚ÄúNOVAVAX‚Äù  -  Is this the real WINNER?,2021-02-06,70313,1577,344,Feb,Feb 2021
794,NEW Johnson & Johnson COVID-19 vaccine - FDA approves.,2021-02-02,124298,2895,551,Feb,Feb 2021
795,Long Term Effects of COVID-19 vs Side effects of Vaccine | Long Haulers,2021-01-31,87612,1787,357,Jan,Jan 2021
796,The side effect I got after my second dose - Tips from my vaccination experience,2021-01-29,1030375,14248,2010,Jan,Jan 2021
797,A doctor died 2 weeks after vaccination - Causation Vs Coincidence ?,2021-01-27,845173,10175,1928,Jan,Jan 2021
798,Youtube Live - Q & A,2021-01-24,26931,637,191,Jan,Jan 2021
799,Dr Pal Live Stream,2021-01-24,0,0,0,Jan,Jan 2021
800,Belly fat and COVID - lesson learned from my experience.,2021-01-23,115627,1284,162,Jan,Jan 2021
801,‡ÆÆ‡ØÅ‡Æ§‡Æ≤‡Øç‡Æµ‡Æ∞‡ØÅ‡Æï‡Øç‡Æï‡ØÅ ‡Æì‡Æ∞‡Øç ‡Æµ‡Æø‡Æ£‡Øç‡Æ£‡Æ™‡Øç‡Æ™‡ÆÆ‡Øç| ‡Æö‡ØÄ‡Æ©‡Ææ‡Æµ‡Æø‡Æ≤‡Øç ‡Æï‡Øä‡Æ∞‡Øã‡Æ©‡Ææ ‡Æ§‡ØÄ‡Æµ‡Æø‡Æ∞ ‡Æ™‡Æ∞‡Æµ‡Æ≤‡Øç| ‡Æ§‡Æü‡ØÅ‡Æ™‡Øç‡Æ™‡ØÇ‡Æö‡Æø ‡ÆÆ‡ØÅ‡Æï‡Øç‡Æï‡Æø‡ÆØ‡Æ§‡Øç‡Æ§‡ØÅ‡Æµ‡ÆÆ‡Øç -Dr.‡Æ™‡Æ¥‡Æ©‡Æø‡ÆØ‡Æ™‡Øç‡Æ™‡Æ©‡Øç,2021-01-21,35562,990,240,Jan,Jan 2021
802,NEW corona virus outbreak in CHINA | Why is it important to get vaccinated NOW?| Vaccine hesitancy,2021-01-20,57629,1028,243,Jan,Jan 2021
803,Why did patients die in Norway after Pfizer vaccine administration? #COVID-19,2021-01-18,368865,3678,1194,Jan,Jan 2021
804,"(‡Æ§‡ÆÆ‡Æø‡Æ¥‡Øç)My second dose experience, Vaccination for pregnant patients, kids? & FAQs ( Tamil)",2021-01-17,21257,442,152,Jan,Jan 2021
805,WHY did GANGULY have a HEART ATTACK ? #bellyfat #waist circumference,2021-01-14,431331,9026,1154,Jan,Jan 2021
806,‡Æï‡Øä‡Æ∞‡Øã‡Æ©‡Ææ ‡Æ§‡Æü‡ØÅ‡Æ™‡Øç‡Æ™‡ØÇ‡Æö‡Æø ‡Æ™‡Æï‡Øç‡Æï ‡Æµ‡Æø‡Æ≥‡Øà‡Æµ‡ØÅ‡Æï‡Æ≥‡Øç|‡Æá‡Æ®‡Øç‡Æ§‡Æø‡ÆØ‡Ææ‡Æµ‡Æø‡Æ©‡Øç ‡Æ§‡Æü‡ØÅ‡Æ™‡Øç‡Æ™‡ØÇ‡Æö‡Æø ‡Æö‡Æø‡Æ±‡Æ®‡Øç‡Æ§‡Æ§‡Ææ?| Vaccine side effects tamil,2021-01-08,42464,1109,241,Jan,Jan 2021
807,INDIA approves 2 vaccines - Is their vaccine/rollout better than other countries?,2021-01-06,104840,2109,377,Jan,Jan 2021
808,MyPfizer COVID vaccine side effect,2021-01-05,34016,387,143,Jan,Jan 2021
809,VLOG: How did I get My PFIZER COVID 19 VACCINE  - LIVE,2020-12-24,31747,530,114,Dec,Dec 2020
810,New COVID strain in UK - How concerned should we be ?,2020-12-22,36353,723,116,Dec,Dec 2020
811,Pfizer covid vaccine possible Side effects ?,2020-12-13,47070,462,101,Dec,Dec 2020
812,Can TURMERIC tablets be BAD for your LIVER? #COVID19,2020-11-01,107317,1783,304,Nov,Nov 2020
813,Please DO THIS to be MENTALLY strong,2020-07-26,121391,3368,230,Jul,Jul 2020
814,‡Æï‡Æ™‡Æö‡ØÅ‡Æ∞ ‡Æï‡ØÅ‡Æü‡Æø‡Æ®‡ØÄ‡Æ∞‡Øç - ‡Æé‡Æö‡Øç‡Æö‡Æ∞‡Æø‡Æï‡Øç‡Æï‡Øà! - Kabasura kudineer - Possible side effect,2020-06-27,46017,643,114,Jun,Jun 2020
815,Tips from my weight loss journey - Part 2 - (Tamil) | Dr Pal,2020-05-23,184811,2921,341,May,May 2020
816,Tips from my weight loss journey - Part 1 (Tamil) | Dr Pal,2020-05-13,163721,2888,507,May,May 2020
817,YOUNG pts are DYING due to OBESITY - what is your waist circumference? | Dr. Pal,2020-04-22,91812,1994,750,Apr,Apr 2020
818,WHEN WILL THIS END ?,2020-03-31,48765,590,93,Mar,Mar 2020
819,"""CORONA virus - Don't PANIC.""-Dr. Pal Manickam",2020-03-05,158067,3291,327,Mar,Mar 2020
